Izq,Der,estimador,varEst,longitud,exito
0.10580673647315289,0.10580673647315289,0.10580673647315289,0.10580673647315289,0.10580673647315289,0.10580673647315289
0.10517653330410333,0.10517653330410333,0.10517653330410333,0.10517653330410333,0.10517653330410333,0.10517653330410333
0.10470157813325989,0.10470157813325989,0.10470157813325989,0.10470157813325989,0.10470157813325989,0.10470157813325989
0.1056922252036084,0.1056922252036084,0.1056922252036084,0.1056922252036084,0.1056922252036084,0.1056922252036084
0.10420508252337722,0.10420508252337722,0.10420508252337722,0.10420508252337722,0.10420508252337722,0.10420508252337722
0.10502477613281895,0.10502477613281895,0.10502477613281895,0.10502477613281895,0.10502477613281895,0.10502477613281895
0.10508319238722592,0.10508319238722592,0.10508319238722592,0.10508319238722592,0.10508319238722592,0.10508319238722592
0.10537956316274073,0.10537956316274073,0.10537956316274073,0.10537956316274073,0.10537956316274073,0.10537956316274073
0.10481021098901566,0.10481021098901566,0.10481021098901566,0.10481021098901566,0.10481021098901566,0.10481021098901566
0.10476811630891898,0.10476811630891898,0.10476811630891898,0.10476811630891898,0.10476811630891898,0.10476811630891898
0.10433039205740993,0.10433039205740993,0.10433039205740993,0.10433039205740993,0.10433039205740993,0.10433039205740993
0.10515526075190948,0.10515526075190948,0.10515526075190948,0.10515526075190948,0.10515526075190948,0.10515526075190948
0.10590174720050127,0.10590174720050127,0.10590174720050127,0.10590174720050127,0.10590174720050127,0.10590174720050127
0.10585482746820332,0.10585482746820332,0.10585482746820332,0.10585482746820332,0.10585482746820332,0.10585482746820332
0.10487005781874956,0.10487005781874956,0.10487005781874956,0.10487005781874956,0.10487005781874956,0.10487005781874956
0.10520629503227055,0.10520629503227055,0.10520629503227055,0.10520629503227055,0.10520629503227055,0.10520629503227055
0.104542650554029,0.104542650554029,0.104542650554029,0.104542650554029,0.104542650554029,0.104542650554029
0.10519033329030662,0.10519033329030662,0.10519033329030662,0.10519033329030662,0.10519033329030662,0.10519033329030662
0.10612371041329163,0.10612371041329163,0.10612371041329163,0.10612371041329163,0.10612371041329163,0.10612371041329163
0.10557495470887403,0.10557495470887403,0.10557495470887403,0.10557495470887403,0.10557495470887403,0.10557495470887403
0.1052697958447752,0.1052697958447752,0.1052697958447752,0.1052697958447752,0.1052697958447752,0.1052697958447752
0.10484728234952966,0.10484728234952966,0.10484728234952966,0.10484728234952966,0.10484728234952966,0.10484728234952966
0.10434470885206568,0.10434470885206568,0.10434470885206568,0.10434470885206568,0.10434470885206568,0.10434470885206568
0.10583857967660174,0.10583857967660174,0.10583857967660174,0.10583857967660174,0.10583857967660174,0.10583857967660174
0.10644630398898602,0.10644630398898602,0.10644630398898602,0.10644630398898602,0.10644630398898602,0.10644630398898602
0.1049363713082569,0.1049363713082569,0.1049363713082569,0.1049363713082569,0.1049363713082569,0.1049363713082569
0.1056123571889272,0.1056123571889272,0.1056123571889272,0.1056123571889272,0.1056123571889272,0.1056123571889272
0.10447263767261979,0.10447263767261979,0.10447263767261979,0.10447263767261979,0.10447263767261979,0.10447263767261979
0.1044117136918487,0.1044117136918487,0.1044117136918487,0.1044117136918487,0.1044117136918487,0.1044117136918487
0.1042603896620544,0.1042603896620544,0.1042603896620544,0.1042603896620544,0.1042603896620544,0.1042603896620544
0.10529553021607609,0.10529553021607609,0.10529553021607609,0.10529553021607609,0.10529553021607609,0.10529553021607609
0.10627946450635653,0.10627946450635653,0.10627946450635653,0.10627946450635653,0.10627946450635653,0.10627946450635653
0.1057582431105053,0.1057582431105053,0.1057582431105053,0.1057582431105053,0.1057582431105053,0.1057582431105053
0.10438208133814669,0.10438208133814669,0.10438208133814669,0.10438208133814669,0.10438208133814669,0.10438208133814669
0.10450592384131398,0.10450592384131398,0.10450592384131398,0.10450592384131398,0.10450592384131398,0.10450592384131398
0.10552541923134477,0.10552541923134477,0.10552541923134477,0.10552541923134477,0.10552541923134477,0.10552541923134477
0.10549809268867488,0.10549809268867488,0.10549809268867488,0.10549809268867488,0.10549809268867488,0.10549809268867488
0.10423905207319212,0.10423905207319212,0.10423905207319212,0.10423905207319212,0.10423905207319212,0.10423905207319212
0.10572050823188203,0.10572050823188203,0.10572050823188203,0.10572050823188203,0.10572050823188203,0.10572050823188203
0.10454086542015285,0.10454086542015285,0.10454086542015285,0.10454086542015285,0.10454086542015285,0.10454086542015285
0.10593931209415236,0.10593931209415236,0.10593931209415236,0.10593931209415236,0.10593931209415236,0.10593931209415236
0.10435161528829816,0.10435161528829816,0.10435161528829816,0.10435161528829816,0.10435161528829816,0.10435161528829816
0.10479130456057263,0.10479130456057263,0.10479130456057263,0.10479130456057263,0.10479130456057263,0.10479130456057263
0.10580873198488032,0.10580873198488032,0.10580873198488032,0.10580873198488032,0.10580873198488032,0.10580873198488032
0.1052420037706107,0.1052420037706107,0.1052420037706107,0.1052420037706107,0.1052420037706107,0.1052420037706107
0.10506569187156672,0.10506569187156672,0.10506569187156672,0.10506569187156672,0.10506569187156672,0.10506569187156672
0.10423462144474632,0.10423462144474632,0.10423462144474632,0.10423462144474632,0.10423462144474632,0.10423462144474632
0.10480675717961653,0.10480675717961653,0.10480675717961653,0.10480675717961653,0.10480675717961653,0.10480675717961653
0.10591947348966295,0.10591947348966295,0.10591947348966295,0.10591947348966295,0.10591947348966295,0.10591947348966295
0.10367471348194683,0.10367471348194683,0.10367471348194683,0.10367471348194683,0.10367471348194683,0.10367471348194683
0.10623151505726029,0.10623151505726029,0.10623151505726029,0.10623151505726029,0.10623151505726029,0.10623151505726029
0.10468786003338992,0.10468786003338992,0.10468786003338992,0.10468786003338992,0.10468786003338992,0.10468786003338992
0.10440681490892928,0.10440681490892928,0.10440681490892928,0.10440681490892928,0.10440681490892928,0.10440681490892928
0.10549558974408098,0.10549558974408098,0.10549558974408098,0.10549558974408098,0.10549558974408098,0.10549558974408098
0.10488419304245399,0.10488419304245399,0.10488419304245399,0.10488419304245399,0.10488419304245399,0.10488419304245399
0.10519311216552994,0.10519311216552994,0.10519311216552994,0.10519311216552994,0.10519311216552994,0.10519311216552994
0.10477078659435361,0.10477078659435361,0.10477078659435361,0.10477078659435361,0.10477078659435361,0.10477078659435361
0.1053403642497501,0.1053403642497501,0.1053403642497501,0.1053403642497501,0.1053403642497501,0.1053403642497501
0.10536514760098178,0.10536514760098178,0.10536514760098178,0.10536514760098178,0.10536514760098178,0.10536514760098178
0.10434977051500718,0.10434977051500718,0.10434977051500718,0.10434977051500718,0.10434977051500718,0.10434977051500718
0.106525855423128,0.106525855423128,0.106525855423128,0.106525855423128,0.106525855423128,0.106525855423128
0.10598395481844132,0.10598395481844132,0.10598395481844132,0.10598395481844132,0.10598395481844132,0.10598395481844132
0.10474778202083028,0.10474778202083028,0.10474778202083028,0.10474778202083028,0.10474778202083028,0.10474778202083028
0.10474563799465232,0.10474563799465232,0.10474563799465232,0.10474563799465232,0.10474563799465232,0.10474563799465232
0.10505078210354171,0.10505078210354171,0.10505078210354171,0.10505078210354171,0.10505078210354171,0.10505078210354171
0.10496482540614409,0.10496482540614409,0.10496482540614409,0.10496482540614409,0.10496482540614409,0.10496482540614409
0.10431482840705567,0.10431482840705567,0.10431482840705567,0.10431482840705567,0.10431482840705567,0.10431482840705567
0.10457194664826704,0.10457194664826704,0.10457194664826704,0.10457194664826704,0.10457194664826704,0.10457194664826704
0.10595212594129755,0.10595212594129755,0.10595212594129755,0.10595212594129755,0.10595212594129755,0.10595212594129755
0.10441547947255897,0.10441547947255897,0.10441547947255897,0.10441547947255897,0.10441547947255897,0.10441547947255897
0.10422484209155299,0.10422484209155299,0.10422484209155299,0.10422484209155299,0.10422484209155299,0.10422484209155299
0.10529984464500916,0.10529984464500916,0.10529984464500916,0.10529984464500916,0.10529984464500916,0.10529984464500916
0.10591371538792724,0.10591371538792724,0.10591371538792724,0.10591371538792724,0.10591371538792724,0.10591371538792724
0.10494284728681798,0.10494284728681798,0.10494284728681798,0.10494284728681798,0.10494284728681798,0.10494284728681798
0.10524644506440661,0.10524644506440661,0.10524644506440661,0.10524644506440661,0.10524644506440661,0.10524644506440661
0.10489013004300086,0.10489013004300086,0.10489013004300086,0.10489013004300086,0.10489013004300086,0.10489013004300086
0.10652685988513987,0.10652685988513987,0.10652685988513987,0.10652685988513987,0.10652685988513987,0.10652685988513987
0.10512671263465673,0.10512671263465673,0.10512671263465673,0.10512671263465673,0.10512671263465673,0.10512671263465673
0.10474672324778402,0.10474672324778402,0.10474672324778402,0.10474672324778402,0.10474672324778402,0.10474672324778402
0.10602046762652162,0.10602046762652162,0.10602046762652162,0.10602046762652162,0.10602046762652162,0.10602046762652162
0.1045786522962012,0.1045786522962012,0.1045786522962012,0.1045786522962012,0.1045786522962012,0.1045786522962012
0.10461104073231135,0.10461104073231135,0.10461104073231135,0.10461104073231135,0.10461104073231135,0.10461104073231135
0.10430219338040748,0.10430219338040748,0.10430219338040748,0.10430219338040748,0.10430219338040748,0.10430219338040748
0.10415557187675797,0.10415557187675797,0.10415557187675797,0.10415557187675797,0.10415557187675797,0.10415557187675797
0.105323141584732,0.105323141584732,0.105323141584732,0.105323141584732,0.105323141584732,0.105323141584732
0.10440163344788679,0.10440163344788679,0.10440163344788679,0.10440163344788679,0.10440163344788679,0.10440163344788679
0.10544211939767457,0.10544211939767457,0.10544211939767457,0.10544211939767457,0.10544211939767457,0.10544211939767457
0.10576382713284604,0.10576382713284604,0.10576382713284604,0.10576382713284604,0.10576382713284604,0.10576382713284604
0.1060571098580811,0.1060571098580811,0.1060571098580811,0.1060571098580811,0.1060571098580811,0.1060571098580811
0.10383960141098976,0.10383960141098976,0.10383960141098976,0.10383960141098976,0.10383960141098976,0.10383960141098976
0.1049385403268957,0.1049385403268957,0.1049385403268957,0.1049385403268957,0.1049385403268957,0.1049385403268957
0.10406735754914007,0.10406735754914007,0.10406735754914007,0.10406735754914007,0.10406735754914007,0.10406735754914007
0.10500780266312197,0.10500780266312197,0.10500780266312197,0.10500780266312197,0.10500780266312197,0.10500780266312197
0.10569951735525274,0.10569951735525274,0.10569951735525274,0.10569951735525274,0.10569951735525274,0.10569951735525274
0.1045469845309725,0.1045469845309725,0.1045469845309725,0.1045469845309725,0.1045469845309725,0.1045469845309725
0.10454945335175882,0.10454945335175882,0.10454945335175882,0.10454945335175882,0.10454945335175882,0.10454945335175882
0.10449499538639039,0.10449499538639039,0.10449499538639039,0.10449499538639039,0.10449499538639039,0.10449499538639039
0.10596482362911133,0.10596482362911133,0.10596482362911133,0.10596482362911133,0.10596482362911133,0.10596482362911133
0.10587720062229183,0.10587720062229183,0.10587720062229183,0.10587720062229183,0.10587720062229183,0.10587720062229183
0.105187645388771,0.105187645388771,0.105187645388771,0.105187645388771,0.105187645388771,0.105187645388771
0.10473521760699087,0.10473521760699087,0.10473521760699087,0.10473521760699087,0.10473521760699087,0.10473521760699087
0.10499199489329569,0.10499199489329569,0.10499199489329569,0.10499199489329569,0.10499199489329569,0.10499199489329569
0.1048343583950324,0.1048343583950324,0.1048343583950324,0.1048343583950324,0.1048343583950324,0.1048343583950324
0.10540315585626014,0.10540315585626014,0.10540315585626014,0.10540315585626014,0.10540315585626014,0.10540315585626014
0.10530385294059173,0.10530385294059173,0.10530385294059173,0.10530385294059173,0.10530385294059173,0.10530385294059173
0.10424615911007397,0.10424615911007397,0.10424615911007397,0.10424615911007397,0.10424615911007397,0.10424615911007397
0.10473485416909832,0.10473485416909832,0.10473485416909832,0.10473485416909832,0.10473485416909832,0.10473485416909832
0.10519277539608539,0.10519277539608539,0.10519277539608539,0.10519277539608539,0.10519277539608539,0.10519277539608539
0.10461214773195424,0.10461214773195424,0.10461214773195424,0.10461214773195424,0.10461214773195424,0.10461214773195424
0.105778519424613,0.105778519424613,0.105778519424613,0.105778519424613,0.105778519424613,0.105778519424613
0.10604156569205415,0.10604156569205415,0.10604156569205415,0.10604156569205415,0.10604156569205415,0.10604156569205415
0.10404315580982008,0.10404315580982008,0.10404315580982008,0.10404315580982008,0.10404315580982008,0.10404315580982008
0.10495911046270807,0.10495911046270807,0.10495911046270807,0.10495911046270807,0.10495911046270807,0.10495911046270807
0.1059578001596395,0.1059578001596395,0.1059578001596395,0.1059578001596395,0.1059578001596395,0.1059578001596395
0.10506586325370329,0.10506586325370329,0.10506586325370329,0.10506586325370329,0.10506586325370329,0.10506586325370329
0.10495182418030018,0.10495182418030018,0.10495182418030018,0.10495182418030018,0.10495182418030018,0.10495182418030018
0.10392751416849041,0.10392751416849041,0.10392751416849041,0.10392751416849041,0.10392751416849041,0.10392751416849041
0.10552803265322099,0.10552803265322099,0.10552803265322099,0.10552803265322099,0.10552803265322099,0.10552803265322099
0.10434853603907797,0.10434853603907797,0.10434853603907797,0.10434853603907797,0.10434853603907797,0.10434853603907797
0.10394326145932677,0.10394326145932677,0.10394326145932677,0.10394326145932677,0.10394326145932677,0.10394326145932677
0.1041177325410693,0.1041177325410693,0.1041177325410693,0.1041177325410693,0.1041177325410693,0.1041177325410693
0.10448366978596761,0.10448366978596761,0.10448366978596761,0.10448366978596761,0.10448366978596761,0.10448366978596761
0.10539033315697789,0.10539033315697789,0.10539033315697789,0.10539033315697789,0.10539033315697789,0.10539033315697789
0.10615506815587086,0.10615506815587086,0.10615506815587086,0.10615506815587086,0.10615506815587086,0.10615506815587086
0.10564513517017132,0.10564513517017132,0.10564513517017132,0.10564513517017132,0.10564513517017132,0.10564513517017132
0.10475976037381733,0.10475976037381733,0.10475976037381733,0.10475976037381733,0.10475976037381733,0.10475976037381733
0.10483533119153952,0.10483533119153952,0.10483533119153952,0.10483533119153952,0.10483533119153952,0.10483533119153952
0.1053074953860058,0.1053074953860058,0.1053074953860058,0.1053074953860058,0.1053074953860058,0.1053074953860058
0.10505844901864768,0.10505844901864768,0.10505844901864768,0.10505844901864768,0.10505844901864768,0.10505844901864768
0.1042061296796866,0.1042061296796866,0.1042061296796866,0.1042061296796866,0.1042061296796866,0.1042061296796866
0.10470322140742097,0.10470322140742097,0.10470322140742097,0.10470322140742097,0.10470322140742097,0.10470322140742097
0.10563429458263734,0.10563429458263734,0.10563429458263734,0.10563429458263734,0.10563429458263734,0.10563429458263734
0.10438068400846423,0.10438068400846423,0.10438068400846423,0.10438068400846423,0.10438068400846423,0.10438068400846423
0.10514290238822031,0.10514290238822031,0.10514290238822031,0.10514290238822031,0.10514290238822031,0.10514290238822031
0.10500629023423791,0.10500629023423791,0.10500629023423791,0.10500629023423791,0.10500629023423791,0.10500629023423791
0.10608439631931103,0.10608439631931103,0.10608439631931103,0.10608439631931103,0.10608439631931103,0.10608439631931103
0.10514459523170062,0.10514459523170062,0.10514459523170062,0.10514459523170062,0.10514459523170062,0.10514459523170062
0.10624492661656834,0.10624492661656834,0.10624492661656834,0.10624492661656834,0.10624492661656834,0.10624492661656834
0.10522915070626183,0.10522915070626183,0.10522915070626183,0.10522915070626183,0.10522915070626183,0.10522915070626183
0.10412679399106642,0.10412679399106642,0.10412679399106642,0.10412679399106642,0.10412679399106642,0.10412679399106642
0.10506631588217616,0.10506631588217616,0.10506631588217616,0.10506631588217616,0.10506631588217616,0.10506631588217616
0.10452964645445671,0.10452964645445671,0.10452964645445671,0.10452964645445671,0.10452964645445671,0.10452964645445671
0.10501944685597236,0.10501944685597236,0.10501944685597236,0.10501944685597236,0.10501944685597236,0.10501944685597236
0.10472677425127631,0.10472677425127631,0.10472677425127631,0.10472677425127631,0.10472677425127631,0.10472677425127631
0.10556275997197606,0.10556275997197606,0.10556275997197606,0.10556275997197606,0.10556275997197606,0.10556275997197606
0.10466807963638398,0.10466807963638398,0.10466807963638398,0.10466807963638398,0.10466807963638398,0.10466807963638398
0.10523112367283147,0.10523112367283147,0.10523112367283147,0.10523112367283147,0.10523112367283147,0.10523112367283147
0.10479366390677818,0.10479366390677818,0.10479366390677818,0.10479366390677818,0.10479366390677818,0.10479366390677818
0.10596193176464205,0.10596193176464205,0.10596193176464205,0.10596193176464205,0.10596193176464205,0.10596193176464205
0.10542362184076787,0.10542362184076787,0.10542362184076787,0.10542362184076787,0.10542362184076787,0.10542362184076787
0.10495234389263632,0.10495234389263632,0.10495234389263632,0.10495234389263632,0.10495234389263632,0.10495234389263632
0.10550773811736187,0.10550773811736187,0.10550773811736187,0.10550773811736187,0.10550773811736187,0.10550773811736187
0.10516093889777664,0.10516093889777664,0.10516093889777664,0.10516093889777664,0.10516093889777664,0.10516093889777664
0.10442609821916338,0.10442609821916338,0.10442609821916338,0.10442609821916338,0.10442609821916338,0.10442609821916338
0.10441606852275938,0.10441606852275938,0.10441606852275938,0.10441606852275938,0.10441606852275938,0.10441606852275938
0.10469116821730333,0.10469116821730333,0.10469116821730333,0.10469116821730333,0.10469116821730333,0.10469116821730333
0.10579536095603854,0.10579536095603854,0.10579536095603854,0.10579536095603854,0.10579536095603854,0.10579536095603854
0.10486199560449327,0.10486199560449327,0.10486199560449327,0.10486199560449327,0.10486199560449327,0.10486199560449327
0.10553883032185003,0.10553883032185003,0.10553883032185003,0.10553883032185003,0.10553883032185003,0.10553883032185003
0.10528424373229386,0.10528424373229386,0.10528424373229386,0.10528424373229386,0.10528424373229386,0.10528424373229386
0.10508111428082582,0.10508111428082582,0.10508111428082582,0.10508111428082582,0.10508111428082582,0.10508111428082582
0.10586812633154938,0.10586812633154938,0.10586812633154938,0.10586812633154938,0.10586812633154938,0.10586812633154938
0.10570403140783824,0.10570403140783824,0.10570403140783824,0.10570403140783824,0.10570403140783824,0.10570403140783824
0.10616394143994103,0.10616394143994103,0.10616394143994103,0.10616394143994103,0.10616394143994103,0.10616394143994103
0.10502959292900664,0.10502959292900664,0.10502959292900664,0.10502959292900664,0.10502959292900664,0.10502959292900664
0.10563359792500025,0.10563359792500025,0.10563359792500025,0.10563359792500025,0.10563359792500025,0.10563359792500025
0.10546420426693383,0.10546420426693383,0.10546420426693383,0.10546420426693383,0.10546420426693383,0.10546420426693383
0.10545994740861217,0.10545994740861217,0.10545994740861217,0.10545994740861217,0.10545994740861217,0.10545994740861217
0.10449772083387435,0.10449772083387435,0.10449772083387435,0.10449772083387435,0.10449772083387435,0.10449772083387435
0.10543918283877604,0.10543918283877604,0.10543918283877604,0.10543918283877604,0.10543918283877604,0.10543918283877604
0.10468372840829461,0.10468372840829461,0.10468372840829461,0.10468372840829461,0.10468372840829461,0.10468372840829461
0.1042535201027051,0.1042535201027051,0.1042535201027051,0.1042535201027051,0.1042535201027051,0.1042535201027051
0.10438644795971616,0.10438644795971616,0.10438644795971616,0.10438644795971616,0.10438644795971616,0.10438644795971616
0.10501477745179805,0.10501477745179805,0.10501477745179805,0.10501477745179805,0.10501477745179805,0.10501477745179805
0.10448339570808071,0.10448339570808071,0.10448339570808071,0.10448339570808071,0.10448339570808071,0.10448339570808071
0.10440004448628754,0.10440004448628754,0.10440004448628754,0.10440004448628754,0.10440004448628754,0.10440004448628754
0.10625226242921995,0.10625226242921995,0.10625226242921995,0.10625226242921995,0.10625226242921995,0.10625226242921995
0.104710953586091,0.104710953586091,0.104710953586091,0.104710953586091,0.104710953586091,0.104710953586091
0.10447359138221073,0.10447359138221073,0.10447359138221073,0.10447359138221073,0.10447359138221073,0.10447359138221073
0.10494654347604121,0.10494654347604121,0.10494654347604121,0.10494654347604121,0.10494654347604121,0.10494654347604121
0.1055018174962558,0.1055018174962558,0.1055018174962558,0.1055018174962558,0.1055018174962558,0.1055018174962558
0.1049836053090466,0.1049836053090466,0.1049836053090466,0.1049836053090466,0.1049836053090466,0.1049836053090466
0.10594802704638959,0.10594802704638959,0.10594802704638959,0.10594802704638959,0.10594802704638959,0.10594802704638959
0.10561169326824024,0.10561169326824024,0.10561169326824024,0.10561169326824024,0.10561169326824024,0.10561169326824024
0.10469699134021469,0.10469699134021469,0.10469699134021469,0.10469699134021469,0.10469699134021469,0.10469699134021469
0.10522437923972192,0.10522437923972192,0.10522437923972192,0.10522437923972192,0.10522437923972192,0.10522437923972192
0.10552578960325981,0.10552578960325981,0.10552578960325981,0.10552578960325981,0.10552578960325981,0.10552578960325981
0.10485448437155678,0.10485448437155678,0.10485448437155678,0.10485448437155678,0.10485448437155678,0.10485448437155678
0.10484121266943983,0.10484121266943983,0.10484121266943983,0.10484121266943983,0.10484121266943983,0.10484121266943983
0.10445917578851367,0.10445917578851367,0.10445917578851367,0.10445917578851367,0.10445917578851367,0.10445917578851367
0.10391929466562527,0.10391929466562527,0.10391929466562527,0.10391929466562527,0.10391929466562527,0.10391929466562527
0.10459573512308269,0.10459573512308269,0.10459573512308269,0.10459573512308269,0.10459573512308269,0.10459573512308269
0.10535286983553607,0.10535286983553607,0.10535286983553607,0.10535286983553607,0.10535286983553607,0.10535286983553607
0.10444339269204972,0.10444339269204972,0.10444339269204972,0.10444339269204972,0.10444339269204972,0.10444339269204972
0.10541450265697185,0.10541450265697185,0.10541450265697185,0.10541450265697185,0.10541450265697185,0.10541450265697185
0.10489092553728545,0.10489092553728545,0.10489092553728545,0.10489092553728545,0.10489092553728545,0.10489092553728545
0.10476973262946872,0.10476973262946872,0.10476973262946872,0.10476973262946872,0.10476973262946872,0.10476973262946872
0.10442244855460586,0.10442244855460586,0.10442244855460586,0.10442244855460586,0.10442244855460586,0.10442244855460586
0.10567074176695562,0.10567074176695562,0.10567074176695562,0.10567074176695562,0.10567074176695562,0.10567074176695562
0.10539324750812597,0.10539324750812597,0.10539324750812597,0.10539324750812597,0.10539324750812597,0.10539324750812597
0.10463537956387456,0.10463537956387456,0.10463537956387456,0.10463537956387456,0.10463537956387456,0.10463537956387456
0.10555126614048826,0.10555126614048826,0.10555126614048826,0.10555126614048826,0.10555126614048826,0.10555126614048826
0.10660944706047615,0.10660944706047615,0.10660944706047615,0.10660944706047615,0.10660944706047615,0.10660944706047615
0.10498638167270696,0.10498638167270696,0.10498638167270696,0.10498638167270696,0.10498638167270696,0.10498638167270696
0.10521280499881196,0.10521280499881196,0.10521280499881196,0.10521280499881196,0.10521280499881196,0.10521280499881196
0.10455229789482726,0.10455229789482726,0.10455229789482726,0.10455229789482726,0.10455229789482726,0.10455229789482726
0.10467464477771345,0.10467464477771345,0.10467464477771345,0.10467464477771345,0.10467464477771345,0.10467464477771345
0.10536906464903527,0.10536906464903527,0.10536906464903527,0.10536906464903527,0.10536906464903527,0.10536906464903527
0.10503039503599658,0.10503039503599658,0.10503039503599658,0.10503039503599658,0.10503039503599658,0.10503039503599658
0.10558373054688326,0.10558373054688326,0.10558373054688326,0.10558373054688326,0.10558373054688326,0.10558373054688326
0.1060211503602431,0.1060211503602431,0.1060211503602431,0.1060211503602431,0.1060211503602431,0.1060211503602431
0.1043411829480644,0.1043411829480644,0.1043411829480644,0.1043411829480644,0.1043411829480644,0.1043411829480644
0.10448997148023699,0.10448997148023699,0.10448997148023699,0.10448997148023699,0.10448997148023699,0.10448997148023699
0.1038174570437619,0.1038174570437619,0.1038174570437619,0.1038174570437619,0.1038174570437619,0.1038174570437619
0.10506650355721736,0.10506650355721736,0.10506650355721736,0.10506650355721736,0.10506650355721736,0.10506650355721736
0.10470264003840772,0.10470264003840772,0.10470264003840772,0.10470264003840772,0.10470264003840772,0.10470264003840772
0.10525837167873973,0.10525837167873973,0.10525837167873973,0.10525837167873973,0.10525837167873973,0.10525837167873973
0.10586717600161259,0.10586717600161259,0.10586717600161259,0.10586717600161259,0.10586717600161259,0.10586717600161259
0.10413213197193387,0.10413213197193387,0.10413213197193387,0.10413213197193387,0.10413213197193387,0.10413213197193387
0.1050572373941464,0.1050572373941464,0.1050572373941464,0.1050572373941464,0.1050572373941464,0.1050572373941464
0.10469979978558575,0.10469979978558575,0.10469979978558575,0.10469979978558575,0.10469979978558575,0.10469979978558575
0.1039571977063943,0.1039571977063943,0.1039571977063943,0.1039571977063943,0.1039571977063943,0.1039571977063943
0.10460036869291067,0.10460036869291067,0.10460036869291067,0.10460036869291067,0.10460036869291067,0.10460036869291067
0.10567339715967104,0.10567339715967104,0.10567339715967104,0.10567339715967104,0.10567339715967104,0.10567339715967104
0.1058748708005668,0.1058748708005668,0.1058748708005668,0.1058748708005668,0.1058748708005668,0.1058748708005668
0.10491231842832402,0.10491231842832402,0.10491231842832402,0.10491231842832402,0.10491231842832402,0.10491231842832402
0.10554528562136646,0.10554528562136646,0.10554528562136646,0.10554528562136646,0.10554528562136646,0.10554528562136646
0.10417607317766427,0.10417607317766427,0.10417607317766427,0.10417607317766427,0.10417607317766427,0.10417607317766427
0.10597338855825168,0.10597338855825168,0.10597338855825168,0.10597338855825168,0.10597338855825168,0.10597338855825168
0.1052007659861421,0.1052007659861421,0.1052007659861421,0.1052007659861421,0.1052007659861421,0.1052007659861421
0.1055018817009416,0.1055018817009416,0.1055018817009416,0.1055018817009416,0.1055018817009416,0.1055018817009416
0.10429886185588959,0.10429886185588959,0.10429886185588959,0.10429886185588959,0.10429886185588959,0.10429886185588959
0.1051000713185731,0.1051000713185731,0.1051000713185731,0.1051000713185731,0.1051000713185731,0.1051000713185731
0.10452469073558598,0.10452469073558598,0.10452469073558598,0.10452469073558598,0.10452469073558598,0.10452469073558598
0.1046409524092064,0.1046409524092064,0.1046409524092064,0.1046409524092064,0.1046409524092064,0.1046409524092064
0.1053585375007695,0.1053585375007695,0.1053585375007695,0.1053585375007695,0.1053585375007695,0.1053585375007695
0.10472710350618653,0.10472710350618653,0.10472710350618653,0.10472710350618653,0.10472710350618653,0.10472710350618653
0.1051467836222326,0.1051467836222326,0.1051467836222326,0.1051467836222326,0.1051467836222326,0.1051467836222326
0.10465477155619941,0.10465477155619941,0.10465477155619941,0.10465477155619941,0.10465477155619941,0.10465477155619941
0.10527332962734283,0.10527332962734283,0.10527332962734283,0.10527332962734283,0.10527332962734283,0.10527332962734283
0.10500974125932844,0.10500974125932844,0.10500974125932844,0.10500974125932844,0.10500974125932844,0.10500974125932844
0.1047754477466786,0.1047754477466786,0.1047754477466786,0.1047754477466786,0.1047754477466786,0.1047754477466786
0.10500251343085576,0.10500251343085576,0.10500251343085576,0.10500251343085576,0.10500251343085576,0.10500251343085576
0.10543515927098153,0.10543515927098153,0.10543515927098153,0.10543515927098153,0.10543515927098153,0.10543515927098153
0.10491049002071684,0.10491049002071684,0.10491049002071684,0.10491049002071684,0.10491049002071684,0.10491049002071684
0.10442242244377413,0.10442242244377413,0.10442242244377413,0.10442242244377413,0.10442242244377413,0.10442242244377413
0.10466200829997696,0.10466200829997696,0.10466200829997696,0.10466200829997696,0.10466200829997696,0.10466200829997696
0.10506509701982274,0.10506509701982274,0.10506509701982274,0.10506509701982274,0.10506509701982274,0.10506509701982274
0.10543686167167586,0.10543686167167586,0.10543686167167586,0.10543686167167586,0.10543686167167586,0.10543686167167586
0.1053094341298186,0.1053094341298186,0.1053094341298186,0.1053094341298186,0.1053094341298186,0.1053094341298186
0.10395726346759004,0.10395726346759004,0.10395726346759004,0.10395726346759004,0.10395726346759004,0.10395726346759004
0.10499731281371463,0.10499731281371463,0.10499731281371463,0.10499731281371463,0.10499731281371463,0.10499731281371463
0.10487720051825875,0.10487720051825875,0.10487720051825875,0.10487720051825875,0.10487720051825875,0.10487720051825875
0.10505753279963255,0.10505753279963255,0.10505753279963255,0.10505753279963255,0.10505753279963255,0.10505753279963255
0.10408035916500599,0.10408035916500599,0.10408035916500599,0.10408035916500599,0.10408035916500599,0.10408035916500599
0.10543867911603415,0.10543867911603415,0.10543867911603415,0.10543867911603415,0.10543867911603415,0.10543867911603415
0.10489134004107034,0.10489134004107034,0.10489134004107034,0.10489134004107034,0.10489134004107034,0.10489134004107034
0.10470414623589658,0.10470414623589658,0.10470414623589658,0.10470414623589658,0.10470414623589658,0.10470414623589658
0.1049231912079946,0.1049231912079946,0.1049231912079946,0.1049231912079946,0.1049231912079946,0.1049231912079946
0.10609123091911223,0.10609123091911223,0.10609123091911223,0.10609123091911223,0.10609123091911223,0.10609123091911223
0.10483060499470881,0.10483060499470881,0.10483060499470881,0.10483060499470881,0.10483060499470881,0.10483060499470881
0.10523197591804063,0.10523197591804063,0.10523197591804063,0.10523197591804063,0.10523197591804063,0.10523197591804063
0.10555324711456979,0.10555324711456979,0.10555324711456979,0.10555324711456979,0.10555324711456979,0.10555324711456979
0.10620281869284445,0.10620281869284445,0.10620281869284445,0.10620281869284445,0.10620281869284445,0.10620281869284445
0.10576763290151812,0.10576763290151812,0.10576763290151812,0.10576763290151812,0.10576763290151812,0.10576763290151812
0.10490593895962609,0.10490593895962609,0.10490593895962609,0.10490593895962609,0.10490593895962609,0.10490593895962609
0.10528161843747402,0.10528161843747402,0.10528161843747402,0.10528161843747402,0.10528161843747402,0.10528161843747402
0.10543007956285243,0.10543007956285243,0.10543007956285243,0.10543007956285243,0.10543007956285243,0.10543007956285243
0.10476196770932258,0.10476196770932258,0.10476196770932258,0.10476196770932258,0.10476196770932258,0.10476196770932258
0.10496738714036706,0.10496738714036706,0.10496738714036706,0.10496738714036706,0.10496738714036706,0.10496738714036706
0.10604985250147897,0.10604985250147897,0.10604985250147897,0.10604985250147897,0.10604985250147897,0.10604985250147897
0.1040082912728861,0.1040082912728861,0.1040082912728861,0.1040082912728861,0.1040082912728861,0.1040082912728861
0.10476967294068162,0.10476967294068162,0.10476967294068162,0.10476967294068162,0.10476967294068162,0.10476967294068162
0.10506048283960027,0.10506048283960027,0.10506048283960027,0.10506048283960027,0.10506048283960027,0.10506048283960027
0.10527958798690587,0.10527958798690587,0.10527958798690587,0.10527958798690587,0.10527958798690587,0.10527958798690587
0.10570555859157939,0.10570555859157939,0.10570555859157939,0.10570555859157939,0.10570555859157939,0.10570555859157939
0.10522399806436583,0.10522399806436583,0.10522399806436583,0.10522399806436583,0.10522399806436583,0.10522399806436583
0.10433665208065711,0.10433665208065711,0.10433665208065711,0.10433665208065711,0.10433665208065711,0.10433665208065711
0.10546767898793967,0.10546767898793967,0.10546767898793967,0.10546767898793967,0.10546767898793967,0.10546767898793967
0.10436196042378214,0.10436196042378214,0.10436196042378214,0.10436196042378214,0.10436196042378214,0.10436196042378214
0.10521142069115003,0.10521142069115003,0.10521142069115003,0.10521142069115003,0.10521142069115003,0.10521142069115003
0.10519972758427944,0.10519972758427944,0.10519972758427944,0.10519972758427944,0.10519972758427944,0.10519972758427944
0.10496387318488631,0.10496387318488631,0.10496387318488631,0.10496387318488631,0.10496387318488631,0.10496387318488631
0.10586464044300652,0.10586464044300652,0.10586464044300652,0.10586464044300652,0.10586464044300652,0.10586464044300652
0.10469741281414616,0.10469741281414616,0.10469741281414616,0.10469741281414616,0.10469741281414616,0.10469741281414616
0.1055274828299893,0.1055274828299893,0.1055274828299893,0.1055274828299893,0.1055274828299893,0.1055274828299893
0.10466616666609962,0.10466616666609962,0.10466616666609962,0.10466616666609962,0.10466616666609962,0.10466616666609962
0.10557924733041363,0.10557924733041363,0.10557924733041363,0.10557924733041363,0.10557924733041363,0.10557924733041363
0.1050170446052505,0.1050170446052505,0.1050170446052505,0.1050170446052505,0.1050170446052505,0.1050170446052505
0.10537895938586019,0.10537895938586019,0.10537895938586019,0.10537895938586019,0.10537895938586019,0.10537895938586019
0.10480973733372224,0.10480973733372224,0.10480973733372224,0.10480973733372224,0.10480973733372224,0.10480973733372224
0.10488301607552139,0.10488301607552139,0.10488301607552139,0.10488301607552139,0.10488301607552139,0.10488301607552139
0.10450903848430865,0.10450903848430865,0.10450903848430865,0.10450903848430865,0.10450903848430865,0.10450903848430865
0.10576181681130291,0.10576181681130291,0.10576181681130291,0.10576181681130291,0.10576181681130291,0.10576181681130291
0.10574740153748537,0.10574740153748537,0.10574740153748537,0.10574740153748537,0.10574740153748537,0.10574740153748537
0.10484862138222131,0.10484862138222131,0.10484862138222131,0.10484862138222131,0.10484862138222131,0.10484862138222131
0.1053949799917351,0.1053949799917351,0.1053949799917351,0.1053949799917351,0.1053949799917351,0.1053949799917351
0.10497344043965484,0.10497344043965484,0.10497344043965484,0.10497344043965484,0.10497344043965484,0.10497344043965484
0.10446867207295482,0.10446867207295482,0.10446867207295482,0.10446867207295482,0.10446867207295482,0.10446867207295482
0.10387510824700508,0.10387510824700508,0.10387510824700508,0.10387510824700508,0.10387510824700508,0.10387510824700508
0.10502136228761484,0.10502136228761484,0.10502136228761484,0.10502136228761484,0.10502136228761484,0.10502136228761484
0.10404418516764405,0.10404418516764405,0.10404418516764405,0.10404418516764405,0.10404418516764405,0.10404418516764405
0.10555358792319106,0.10555358792319106,0.10555358792319106,0.10555358792319106,0.10555358792319106,0.10555358792319106
0.10434595061663973,0.10434595061663973,0.10434595061663973,0.10434595061663973,0.10434595061663973,0.10434595061663973
0.10426308062232402,0.10426308062232402,0.10426308062232402,0.10426308062232402,0.10426308062232402,0.10426308062232402
0.10612764291484182,0.10612764291484182,0.10612764291484182,0.10612764291484182,0.10612764291484182,0.10612764291484182
0.10454286842738068,0.10454286842738068,0.10454286842738068,0.10454286842738068,0.10454286842738068,0.10454286842738068
0.1058556229962644,0.1058556229962644,0.1058556229962644,0.1058556229962644,0.1058556229962644,0.1058556229962644
0.10435887344480406,0.10435887344480406,0.10435887344480406,0.10435887344480406,0.10435887344480406,0.10435887344480406
0.10433022154080286,0.10433022154080286,0.10433022154080286,0.10433022154080286,0.10433022154080286,0.10433022154080286
0.10405909920437409,0.10405909920437409,0.10405909920437409,0.10405909920437409,0.10405909920437409,0.10405909920437409
0.10483120722238734,0.10483120722238734,0.10483120722238734,0.10483120722238734,0.10483120722238734,0.10483120722238734
0.10505295410545128,0.10505295410545128,0.10505295410545128,0.10505295410545128,0.10505295410545128,0.10505295410545128
0.10522963003815025,0.10522963003815025,0.10522963003815025,0.10522963003815025,0.10522963003815025,0.10522963003815025
0.10446801867417697,0.10446801867417697,0.10446801867417697,0.10446801867417697,0.10446801867417697,0.10446801867417697
0.10584855640454263,0.10584855640454263,0.10584855640454263,0.10584855640454263,0.10584855640454263,0.10584855640454263
0.10466347751256468,0.10466347751256468,0.10466347751256468,0.10466347751256468,0.10466347751256468,0.10466347751256468
0.10440988723766903,0.10440988723766903,0.10440988723766903,0.10440988723766903,0.10440988723766903,0.10440988723766903
0.10610339857424687,0.10610339857424687,0.10610339857424687,0.10610339857424687,0.10610339857424687,0.10610339857424687
0.1050848090754769,0.1050848090754769,0.1050848090754769,0.1050848090754769,0.1050848090754769,0.1050848090754769
0.10426651214552542,0.10426651214552542,0.10426651214552542,0.10426651214552542,0.10426651214552542,0.10426651214552542
0.10591112422476215,0.10591112422476215,0.10591112422476215,0.10591112422476215,0.10591112422476215,0.10591112422476215
0.10486511253409304,0.10486511253409304,0.10486511253409304,0.10486511253409304,0.10486511253409304,0.10486511253409304
0.10386069119406151,0.10386069119406151,0.10386069119406151,0.10386069119406151,0.10386069119406151,0.10386069119406151
0.1051390044908665,0.1051390044908665,0.1051390044908665,0.1051390044908665,0.1051390044908665,0.1051390044908665
0.10530066654463731,0.10530066654463731,0.10530066654463731,0.10530066654463731,0.10530066654463731,0.10530066654463731
0.1038281501125313,0.1038281501125313,0.1038281501125313,0.1038281501125313,0.1038281501125313,0.1038281501125313
0.1053396106479337,0.1053396106479337,0.1053396106479337,0.1053396106479337,0.1053396106479337,0.1053396106479337
0.10511345426543978,0.10511345426543978,0.10511345426543978,0.10511345426543978,0.10511345426543978,0.10511345426543978
0.10533457297290987,0.10533457297290987,0.10533457297290987,0.10533457297290987,0.10533457297290987,0.10533457297290987
0.10520312843656374,0.10520312843656374,0.10520312843656374,0.10520312843656374,0.10520312843656374,0.10520312843656374
0.10515045262356264,0.10515045262356264,0.10515045262356264,0.10515045262356264,0.10515045262356264,0.10515045262356264
0.10503524103268724,0.10503524103268724,0.10503524103268724,0.10503524103268724,0.10503524103268724,0.10503524103268724
0.10452211770052426,0.10452211770052426,0.10452211770052426,0.10452211770052426,0.10452211770052426,0.10452211770052426
0.10490743580642943,0.10490743580642943,0.10490743580642943,0.10490743580642943,0.10490743580642943,0.10490743580642943
0.10521993278562565,0.10521993278562565,0.10521993278562565,0.10521993278562565,0.10521993278562565,0.10521993278562565
0.10512584209549605,0.10512584209549605,0.10512584209549605,0.10512584209549605,0.10512584209549605,0.10512584209549605
0.10471597292791403,0.10471597292791403,0.10471597292791403,0.10471597292791403,0.10471597292791403,0.10471597292791403
0.10635408147555768,0.10635408147555768,0.10635408147555768,0.10635408147555768,0.10635408147555768,0.10635408147555768
0.10536108785304152,0.10536108785304152,0.10536108785304152,0.10536108785304152,0.10536108785304152,0.10536108785304152
0.10529580250826043,0.10529580250826043,0.10529580250826043,0.10529580250826043,0.10529580250826043,0.10529580250826043
0.10418763818999376,0.10418763818999376,0.10418763818999376,0.10418763818999376,0.10418763818999376,0.10418763818999376
0.10496494031513269,0.10496494031513269,0.10496494031513269,0.10496494031513269,0.10496494031513269,0.10496494031513269
0.10500391431694929,0.10500391431694929,0.10500391431694929,0.10500391431694929,0.10500391431694929,0.10500391431694929
0.1049252902603617,0.1049252902603617,0.1049252902603617,0.1049252902603617,0.1049252902603617,0.1049252902603617
0.10504894991153758,0.10504894991153758,0.10504894991153758,0.10504894991153758,0.10504894991153758,0.10504894991153758
0.10527069777464336,0.10527069777464336,0.10527069777464336,0.10527069777464336,0.10527069777464336,0.10527069777464336
0.10476122943848118,0.10476122943848118,0.10476122943848118,0.10476122943848118,0.10476122943848118,0.10476122943848118
0.10628768524380366,0.10628768524380366,0.10628768524380366,0.10628768524380366,0.10628768524380366,0.10628768524380366
0.1058797984830715,0.1058797984830715,0.1058797984830715,0.1058797984830715,0.1058797984830715,0.1058797984830715
0.10508332942798429,0.10508332942798429,0.10508332942798429,0.10508332942798429,0.10508332942798429,0.10508332942798429
0.10575227549466175,0.10575227549466175,0.10575227549466175,0.10575227549466175,0.10575227549466175,0.10575227549466175
0.1056038891004934,0.1056038891004934,0.1056038891004934,0.1056038891004934,0.1056038891004934,0.1056038891004934
0.10542153024974214,0.10542153024974214,0.10542153024974214,0.10542153024974214,0.10542153024974214,0.10542153024974214
0.10516725356871011,0.10516725356871011,0.10516725356871011,0.10516725356871011,0.10516725356871011,0.10516725356871011
0.10526337947361132,0.10526337947361132,0.10526337947361132,0.10526337947361132,0.10526337947361132,0.10526337947361132
0.10552811085957961,0.10552811085957961,0.10552811085957961,0.10552811085957961,0.10552811085957961,0.10552811085957961
0.10401917632736513,0.10401917632736513,0.10401917632736513,0.10401917632736513,0.10401917632736513,0.10401917632736513
0.10473454334795511,0.10473454334795511,0.10473454334795511,0.10473454334795511,0.10473454334795511,0.10473454334795511
0.10499500517994448,0.10499500517994448,0.10499500517994448,0.10499500517994448,0.10499500517994448,0.10499500517994448
0.1055442028521915,0.1055442028521915,0.1055442028521915,0.1055442028521915,0.1055442028521915,0.1055442028521915
0.10494933885658346,0.10494933885658346,0.10494933885658346,0.10494933885658346,0.10494933885658346,0.10494933885658346
0.1055335808554626,0.1055335808554626,0.1055335808554626,0.1055335808554626,0.1055335808554626,0.1055335808554626
0.10456480307985935,0.10456480307985935,0.10456480307985935,0.10456480307985935,0.10456480307985935,0.10456480307985935
0.1058584947448894,0.1058584947448894,0.1058584947448894,0.1058584947448894,0.1058584947448894,0.1058584947448894
0.10443021781359291,0.10443021781359291,0.10443021781359291,0.10443021781359291,0.10443021781359291,0.10443021781359291
0.10553995048942716,0.10553995048942716,0.10553995048942716,0.10553995048942716,0.10553995048942716,0.10553995048942716
0.1040114560352659,0.1040114560352659,0.1040114560352659,0.1040114560352659,0.1040114560352659,0.1040114560352659
0.10389929291249969,0.10389929291249969,0.10389929291249969,0.10389929291249969,0.10389929291249969,0.10389929291249969
0.10417308703881184,0.10417308703881184,0.10417308703881184,0.10417308703881184,0.10417308703881184,0.10417308703881184
0.10481057885671806,0.10481057885671806,0.10481057885671806,0.10481057885671806,0.10481057885671806,0.10481057885671806
0.1055343940435029,0.1055343940435029,0.1055343940435029,0.1055343940435029,0.1055343940435029,0.1055343940435029
0.10484691331552748,0.10484691331552748,0.10484691331552748,0.10484691331552748,0.10484691331552748,0.10484691331552748
0.10445161187240538,0.10445161187240538,0.10445161187240538,0.10445161187240538,0.10445161187240538,0.10445161187240538
0.1046744785110658,0.1046744785110658,0.1046744785110658,0.1046744785110658,0.1046744785110658,0.1046744785110658
0.10528563772834933,0.10528563772834933,0.10528563772834933,0.10528563772834933,0.10528563772834933,0.10528563772834933
0.1048726664679783,0.1048726664679783,0.1048726664679783,0.1048726664679783,0.1048726664679783,0.1048726664679783
0.10602949734620566,0.10602949734620566,0.10602949734620566,0.10602949734620566,0.10602949734620566,0.10602949734620566
0.10511001999365503,0.10511001999365503,0.10511001999365503,0.10511001999365503,0.10511001999365503,0.10511001999365503
0.1044839963037683,0.1044839963037683,0.1044839963037683,0.1044839963037683,0.1044839963037683,0.1044839963037683
0.1049867756020802,0.1049867756020802,0.1049867756020802,0.1049867756020802,0.1049867756020802,0.1049867756020802
0.10564761864782488,0.10564761864782488,0.10564761864782488,0.10564761864782488,0.10564761864782488,0.10564761864782488
0.10434963321106774,0.10434963321106774,0.10434963321106774,0.10434963321106774,0.10434963321106774,0.10434963321106774
0.1053022087907116,0.1053022087907116,0.1053022087907116,0.1053022087907116,0.1053022087907116,0.1053022087907116
0.10492349058097165,0.10492349058097165,0.10492349058097165,0.10492349058097165,0.10492349058097165,0.10492349058097165
0.10440290862342257,0.10440290862342257,0.10440290862342257,0.10440290862342257,0.10440290862342257,0.10440290862342257
0.10481474951750148,0.10481474951750148,0.10481474951750148,0.10481474951750148,0.10481474951750148,0.10481474951750148
0.10501887022546777,0.10501887022546777,0.10501887022546777,0.10501887022546777,0.10501887022546777,0.10501887022546777
0.10410843439858922,0.10410843439858922,0.10410843439858922,0.10410843439858922,0.10410843439858922,0.10410843439858922
0.10430580065279763,0.10430580065279763,0.10430580065279763,0.10430580065279763,0.10430580065279763,0.10430580065279763
0.10408347884700711,0.10408347884700711,0.10408347884700711,0.10408347884700711,0.10408347884700711,0.10408347884700711
0.10483710798748504,0.10483710798748504,0.10483710798748504,0.10483710798748504,0.10483710798748504,0.10483710798748504
0.1046719527944866,0.1046719527944866,0.1046719527944866,0.1046719527944866,0.1046719527944866,0.1046719527944866
0.1049145033015613,0.1049145033015613,0.1049145033015613,0.1049145033015613,0.1049145033015613,0.1049145033015613
0.10458457585278255,0.10458457585278255,0.10458457585278255,0.10458457585278255,0.10458457585278255,0.10458457585278255
0.10518422506890744,0.10518422506890744,0.10518422506890744,0.10518422506890744,0.10518422506890744,0.10518422506890744
0.10634677157334194,0.10634677157334194,0.10634677157334194,0.10634677157334194,0.10634677157334194,0.10634677157334194
0.10517544349343336,0.10517544349343336,0.10517544349343336,0.10517544349343336,0.10517544349343336,0.10517544349343336
0.10558676550709717,0.10558676550709717,0.10558676550709717,0.10558676550709717,0.10558676550709717,0.10558676550709717
0.10568296328801036,0.10568296328801036,0.10568296328801036,0.10568296328801036,0.10568296328801036,0.10568296328801036
0.1053595992914784,0.1053595992914784,0.1053595992914784,0.1053595992914784,0.1053595992914784,0.1053595992914784
0.10566315228654655,0.10566315228654655,0.10566315228654655,0.10566315228654655,0.10566315228654655,0.10566315228654655
0.1049827970464475,0.1049827970464475,0.1049827970464475,0.1049827970464475,0.1049827970464475,0.1049827970464475
0.10545581760796804,0.10545581760796804,0.10545581760796804,0.10545581760796804,0.10545581760796804,0.10545581760796804
0.10601395741212395,0.10601395741212395,0.10601395741212395,0.10601395741212395,0.10601395741212395,0.10601395741212395
0.1043345809883384,0.1043345809883384,0.1043345809883384,0.1043345809883384,0.1043345809883384,0.1043345809883384
0.10477855871853799,0.10477855871853799,0.10477855871853799,0.10477855871853799,0.10477855871853799,0.10477855871853799
0.10456317013720494,0.10456317013720494,0.10456317013720494,0.10456317013720494,0.10456317013720494,0.10456317013720494
0.10413232100518441,0.10413232100518441,0.10413232100518441,0.10413232100518441,0.10413232100518441,0.10413232100518441
0.10483317399841083,0.10483317399841083,0.10483317399841083,0.10483317399841083,0.10483317399841083,0.10483317399841083
0.1039351235457354,0.1039351235457354,0.1039351235457354,0.1039351235457354,0.1039351235457354,0.1039351235457354
0.10501754668273437,0.10501754668273437,0.10501754668273437,0.10501754668273437,0.10501754668273437,0.10501754668273437
0.10545862732258458,0.10545862732258458,0.10545862732258458,0.10545862732258458,0.10545862732258458,0.10545862732258458
0.10465765406399018,0.10465765406399018,0.10465765406399018,0.10465765406399018,0.10465765406399018,0.10465765406399018
0.10614143836552516,0.10614143836552516,0.10614143836552516,0.10614143836552516,0.10614143836552516,0.10614143836552516
0.10572689333859098,0.10572689333859098,0.10572689333859098,0.10572689333859098,0.10572689333859098,0.10572689333859098
0.10537103350641756,0.10537103350641756,0.10537103350641756,0.10537103350641756,0.10537103350641756,0.10537103350641756
0.10405535486762402,0.10405535486762402,0.10405535486762402,0.10405535486762402,0.10405535486762402,0.10405535486762402
0.10514664130955101,0.10514664130955101,0.10514664130955101,0.10514664130955101,0.10514664130955101,0.10514664130955101
0.10439850971917457,0.10439850971917457,0.10439850971917457,0.10439850971917457,0.10439850971917457,0.10439850971917457
0.10517562958686083,0.10517562958686083,0.10517562958686083,0.10517562958686083,0.10517562958686083,0.10517562958686083
0.10395206505084709,0.10395206505084709,0.10395206505084709,0.10395206505084709,0.10395206505084709,0.10395206505084709
0.10616049813176769,0.10616049813176769,0.10616049813176769,0.10616049813176769,0.10616049813176769,0.10616049813176769
0.1054265263955263,0.1054265263955263,0.1054265263955263,0.1054265263955263,0.1054265263955263,0.1054265263955263
0.10555514762779147,0.10555514762779147,0.10555514762779147,0.10555514762779147,0.10555514762779147,0.10555514762779147
0.10401786185366904,0.10401786185366904,0.10401786185366904,0.10401786185366904,0.10401786185366904,0.10401786185366904
0.10532985640708475,0.10532985640708475,0.10532985640708475,0.10532985640708475,0.10532985640708475,0.10532985640708475
0.10507996162714743,0.10507996162714743,0.10507996162714743,0.10507996162714743,0.10507996162714743,0.10507996162714743
0.10423333834808954,0.10423333834808954,0.10423333834808954,0.10423333834808954,0.10423333834808954,0.10423333834808954
0.10617295702414199,0.10617295702414199,0.10617295702414199,0.10617295702414199,0.10617295702414199,0.10617295702414199
0.10570896790797767,0.10570896790797767,0.10570896790797767,0.10570896790797767,0.10570896790797767,0.10570896790797767
0.10510852796074481,0.10510852796074481,0.10510852796074481,0.10510852796074481,0.10510852796074481,0.10510852796074481
0.10554814708981376,0.10554814708981376,0.10554814708981376,0.10554814708981376,0.10554814708981376,0.10554814708981376
0.1051483980410303,0.1051483980410303,0.1051483980410303,0.1051483980410303,0.1051483980410303,0.1051483980410303
0.10569703999032055,0.10569703999032055,0.10569703999032055,0.10569703999032055,0.10569703999032055,0.10569703999032055
0.10491597013941091,0.10491597013941091,0.10491597013941091,0.10491597013941091,0.10491597013941091,0.10491597013941091
0.10563687990417216,0.10563687990417216,0.10563687990417216,0.10563687990417216,0.10563687990417216,0.10563687990417216
0.10467257508924639,0.10467257508924639,0.10467257508924639,0.10467257508924639,0.10467257508924639,0.10467257508924639
0.10416331883382832,0.10416331883382832,0.10416331883382832,0.10416331883382832,0.10416331883382832,0.10416331883382832
0.1046593487114274,0.1046593487114274,0.1046593487114274,0.1046593487114274,0.1046593487114274,0.1046593487114274
0.10521219391084263,0.10521219391084263,0.10521219391084263,0.10521219391084263,0.10521219391084263,0.10521219391084263
0.1044778511722755,0.1044778511722755,0.1044778511722755,0.1044778511722755,0.1044778511722755,0.1044778511722755
0.1047763155249589,0.1047763155249589,0.1047763155249589,0.1047763155249589,0.1047763155249589,0.1047763155249589
0.10460065001348688,0.10460065001348688,0.10460065001348688,0.10460065001348688,0.10460065001348688,0.10460065001348688
0.10425383400835049,0.10425383400835049,0.10425383400835049,0.10425383400835049,0.10425383400835049,0.10425383400835049
0.10426062391844444,0.10426062391844444,0.10426062391844444,0.10426062391844444,0.10426062391844444,0.10426062391844444
0.10475016556201086,0.10475016556201086,0.10475016556201086,0.10475016556201086,0.10475016556201086,0.10475016556201086
0.10466403988569935,0.10466403988569935,0.10466403988569935,0.10466403988569935,0.10466403988569935,0.10466403988569935
0.10501071893704146,0.10501071893704146,0.10501071893704146,0.10501071893704146,0.10501071893704146,0.10501071893704146
0.1059661620339571,0.1059661620339571,0.1059661620339571,0.1059661620339571,0.1059661620339571,0.1059661620339571
0.10685770173144822,0.10685770173144822,0.10685770173144822,0.10685770173144822,0.10685770173144822,0.10685770173144822
0.1053674603183978,0.1053674603183978,0.1053674603183978,0.1053674603183978,0.1053674603183978,0.1053674603183978
0.10489476248335523,0.10489476248335523,0.10489476248335523,0.10489476248335523,0.10489476248335523,0.10489476248335523
0.10554149598055579,0.10554149598055579,0.10554149598055579,0.10554149598055579,0.10554149598055579,0.10554149598055579
0.10467936215032585,0.10467936215032585,0.10467936215032585,0.10467936215032585,0.10467936215032585,0.10467936215032585
0.10373951984397461,0.10373951984397461,0.10373951984397461,0.10373951984397461,0.10373951984397461,0.10373951984397461
0.10578043912109152,0.10578043912109152,0.10578043912109152,0.10578043912109152,0.10578043912109152,0.10578043912109152
0.10464317771584172,0.10464317771584172,0.10464317771584172,0.10464317771584172,0.10464317771584172,0.10464317771584172
0.10515073499899191,0.10515073499899191,0.10515073499899191,0.10515073499899191,0.10515073499899191,0.10515073499899191
0.10403315771927174,0.10403315771927174,0.10403315771927174,0.10403315771927174,0.10403315771927174,0.10403315771927174
0.10454298005334899,0.10454298005334899,0.10454298005334899,0.10454298005334899,0.10454298005334899,0.10454298005334899
0.10591587833465588,0.10591587833465588,0.10591587833465588,0.10591587833465588,0.10591587833465588,0.10591587833465588
0.10556790773937993,0.10556790773937993,0.10556790773937993,0.10556790773937993,0.10556790773937993,0.10556790773937993
0.10519993317313327,0.10519993317313327,0.10519993317313327,0.10519993317313327,0.10519993317313327,0.10519993317313327
0.1049151553186814,0.1049151553186814,0.1049151553186814,0.1049151553186814,0.1049151553186814,0.1049151553186814
0.10439508044016581,0.10439508044016581,0.10439508044016581,0.10439508044016581,0.10439508044016581,0.10439508044016581
0.10488068202780582,0.10488068202780582,0.10488068202780582,0.10488068202780582,0.10488068202780582,0.10488068202780582
0.10490504371490462,0.10490504371490462,0.10490504371490462,0.10490504371490462,0.10490504371490462,0.10490504371490462
0.10410574041511769,0.10410574041511769,0.10410574041511769,0.10410574041511769,0.10410574041511769,0.10410574041511769
0.10482540386466571,0.10482540386466571,0.10482540386466571,0.10482540386466571,0.10482540386466571,0.10482540386466571
0.1063254449910111,0.1063254449910111,0.1063254449910111,0.1063254449910111,0.1063254449910111,0.1063254449910111
0.1039329027993799,0.1039329027993799,0.1039329027993799,0.1039329027993799,0.1039329027993799,0.1039329027993799
0.10429080341873417,0.10429080341873417,0.10429080341873417,0.10429080341873417,0.10429080341873417,0.10429080341873417
0.10544466499742951,0.10544466499742951,0.10544466499742951,0.10544466499742951,0.10544466499742951,0.10544466499742951
0.10353128329030264,0.10353128329030264,0.10353128329030264,0.10353128329030264,0.10353128329030264,0.10353128329030264
0.10490636245868237,0.10490636245868237,0.10490636245868237,0.10490636245868237,0.10490636245868237,0.10490636245868237
0.10625037875926449,0.10625037875926449,0.10625037875926449,0.10625037875926449,0.10625037875926449,0.10625037875926449
0.10563143520902832,0.10563143520902832,0.10563143520902832,0.10563143520902832,0.10563143520902832,0.10563143520902832
0.10498641793754858,0.10498641793754858,0.10498641793754858,0.10498641793754858,0.10498641793754858,0.10498641793754858
0.10629713383278848,0.10629713383278848,0.10629713383278848,0.10629713383278848,0.10629713383278848,0.10629713383278848
0.1057692132479062,0.1057692132479062,0.1057692132479062,0.1057692132479062,0.1057692132479062,0.1057692132479062
0.10291551555253665,0.10291551555253665,0.10291551555253665,0.10291551555253665,0.10291551555253665,0.10291551555253665
0.1046172148806695,0.1046172148806695,0.1046172148806695,0.1046172148806695,0.1046172148806695,0.1046172148806695
0.10505147279790009,0.10505147279790009,0.10505147279790009,0.10505147279790009,0.10505147279790009,0.10505147279790009
0.10503972121723291,0.10503972121723291,0.10503972121723291,0.10503972121723291,0.10503972121723291,0.10503972121723291
0.10482444045772187,0.10482444045772187,0.10482444045772187,0.10482444045772187,0.10482444045772187,0.10482444045772187
0.10474503612104087,0.10474503612104087,0.10474503612104087,0.10474503612104087,0.10474503612104087,0.10474503612104087
0.10510599718884994,0.10510599718884994,0.10510599718884994,0.10510599718884994,0.10510599718884994,0.10510599718884994
0.10476374416944452,0.10476374416944452,0.10476374416944452,0.10476374416944452,0.10476374416944452,0.10476374416944452
0.10571292445969001,0.10571292445969001,0.10571292445969001,0.10571292445969001,0.10571292445969001,0.10571292445969001
0.10475776388985333,0.10475776388985333,0.10475776388985333,0.10475776388985333,0.10475776388985333,0.10475776388985333
0.10479033041892684,0.10479033041892684,0.10479033041892684,0.10479033041892684,0.10479033041892684,0.10479033041892684
0.10493212792983284,0.10493212792983284,0.10493212792983284,0.10493212792983284,0.10493212792983284,0.10493212792983284
0.10467886112788044,0.10467886112788044,0.10467886112788044,0.10467886112788044,0.10467886112788044,0.10467886112788044
0.10622332164497869,0.10622332164497869,0.10622332164497869,0.10622332164497869,0.10622332164497869,0.10622332164497869
0.10508297639972802,0.10508297639972802,0.10508297639972802,0.10508297639972802,0.10508297639972802,0.10508297639972802
0.10453399311174259,0.10453399311174259,0.10453399311174259,0.10453399311174259,0.10453399311174259,0.10453399311174259
0.10546009417032443,0.10546009417032443,0.10546009417032443,0.10546009417032443,0.10546009417032443,0.10546009417032443
0.104876704840368,0.104876704840368,0.104876704840368,0.104876704840368,0.104876704840368,0.104876704840368
0.10522478987449153,0.10522478987449153,0.10522478987449153,0.10522478987449153,0.10522478987449153,0.10522478987449153
0.10517995905168527,0.10517995905168527,0.10517995905168527,0.10517995905168527,0.10517995905168527,0.10517995905168527
0.10488356019028512,0.10488356019028512,0.10488356019028512,0.10488356019028512,0.10488356019028512,0.10488356019028512
0.10541462313490481,0.10541462313490481,0.10541462313490481,0.10541462313490481,0.10541462313490481,0.10541462313490481
0.10368570553601596,0.10368570553601596,0.10368570553601596,0.10368570553601596,0.10368570553601596,0.10368570553601596
0.10455022675272553,0.10455022675272553,0.10455022675272553,0.10455022675272553,0.10455022675272553,0.10455022675272553
0.1057208313050433,0.1057208313050433,0.1057208313050433,0.1057208313050433,0.1057208313050433,0.1057208313050433
0.10531503161756915,0.10531503161756915,0.10531503161756915,0.10531503161756915,0.10531503161756915,0.10531503161756915
0.1047678304865881,0.1047678304865881,0.1047678304865881,0.1047678304865881,0.1047678304865881,0.1047678304865881
0.10499011158927675,0.10499011158927675,0.10499011158927675,0.10499011158927675,0.10499011158927675,0.10499011158927675
0.10518917691441562,0.10518917691441562,0.10518917691441562,0.10518917691441562,0.10518917691441562,0.10518917691441562
0.10584802645678851,0.10584802645678851,0.10584802645678851,0.10584802645678851,0.10584802645678851,0.10584802645678851
0.10498833852177719,0.10498833852177719,0.10498833852177719,0.10498833852177719,0.10498833852177719,0.10498833852177719
0.10647803982095264,0.10647803982095264,0.10647803982095264,0.10647803982095264,0.10647803982095264,0.10647803982095264
0.1049117107424764,0.1049117107424764,0.1049117107424764,0.1049117107424764,0.1049117107424764,0.1049117107424764
0.10493371432088529,0.10493371432088529,0.10493371432088529,0.10493371432088529,0.10493371432088529,0.10493371432088529
0.10519317012565432,0.10519317012565432,0.10519317012565432,0.10519317012565432,0.10519317012565432,0.10519317012565432
0.10508186891978166,0.10508186891978166,0.10508186891978166,0.10508186891978166,0.10508186891978166,0.10508186891978166
0.10524340575568682,0.10524340575568682,0.10524340575568682,0.10524340575568682,0.10524340575568682,0.10524340575568682
0.10474146076990996,0.10474146076990996,0.10474146076990996,0.10474146076990996,0.10474146076990996,0.10474146076990996
0.1052237623135312,0.1052237623135312,0.1052237623135312,0.1052237623135312,0.1052237623135312,0.1052237623135312
0.10339713531056433,0.10339713531056433,0.10339713531056433,0.10339713531056433,0.10339713531056433,0.10339713531056433
0.10522078450389005,0.10522078450389005,0.10522078450389005,0.10522078450389005,0.10522078450389005,0.10522078450389005
0.10567650034597388,0.10567650034597388,0.10567650034597388,0.10567650034597388,0.10567650034597388,0.10567650034597388
0.10537125204478776,0.10537125204478776,0.10537125204478776,0.10537125204478776,0.10537125204478776,0.10537125204478776
0.10478364704343048,0.10478364704343048,0.10478364704343048,0.10478364704343048,0.10478364704343048,0.10478364704343048
0.10443297129134124,0.10443297129134124,0.10443297129134124,0.10443297129134124,0.10443297129134124,0.10443297129134124
0.10477368262210196,0.10477368262210196,0.10477368262210196,0.10477368262210196,0.10477368262210196,0.10477368262210196
0.10467962017013309,0.10467962017013309,0.10467962017013309,0.10467962017013309,0.10467962017013309,0.10467962017013309
0.10511546525463462,0.10511546525463462,0.10511546525463462,0.10511546525463462,0.10511546525463462,0.10511546525463462
0.10420124105165474,0.10420124105165474,0.10420124105165474,0.10420124105165474,0.10420124105165474,0.10420124105165474
0.10506429951154427,0.10506429951154427,0.10506429951154427,0.10506429951154427,0.10506429951154427,0.10506429951154427
0.10594945812434765,0.10594945812434765,0.10594945812434765,0.10594945812434765,0.10594945812434765,0.10594945812434765
0.10487009629184448,0.10487009629184448,0.10487009629184448,0.10487009629184448,0.10487009629184448,0.10487009629184448
0.10589809246107802,0.10589809246107802,0.10589809246107802,0.10589809246107802,0.10589809246107802,0.10589809246107802
0.10472538442778057,0.10472538442778057,0.10472538442778057,0.10472538442778057,0.10472538442778057,0.10472538442778057
0.10510832471131847,0.10510832471131847,0.10510832471131847,0.10510832471131847,0.10510832471131847,0.10510832471131847
0.10417252803341343,0.10417252803341343,0.10417252803341343,0.10417252803341343,0.10417252803341343,0.10417252803341343
0.1051668143561731,0.1051668143561731,0.1051668143561731,0.1051668143561731,0.1051668143561731,0.1051668143561731
0.1054395642394825,0.1054395642394825,0.1054395642394825,0.1054395642394825,0.1054395642394825,0.1054395642394825
0.10634734074592002,0.10634734074592002,0.10634734074592002,0.10634734074592002,0.10634734074592002,0.10634734074592002
0.10458475984912373,0.10458475984912373,0.10458475984912373,0.10458475984912373,0.10458475984912373,0.10458475984912373
0.10598641033172522,0.10598641033172522,0.10598641033172522,0.10598641033172522,0.10598641033172522,0.10598641033172522
0.10484551906222843,0.10484551906222843,0.10484551906222843,0.10484551906222843,0.10484551906222843,0.10484551906222843
0.1050090153254691,0.1050090153254691,0.1050090153254691,0.1050090153254691,0.1050090153254691,0.1050090153254691
0.10400056655892748,0.10400056655892748,0.10400056655892748,0.10400056655892748,0.10400056655892748,0.10400056655892748
0.10462327658901274,0.10462327658901274,0.10462327658901274,0.10462327658901274,0.10462327658901274,0.10462327658901274
0.10413572253130392,0.10413572253130392,0.10413572253130392,0.10413572253130392,0.10413572253130392,0.10413572253130392
0.10472121989334748,0.10472121989334748,0.10472121989334748,0.10472121989334748,0.10472121989334748,0.10472121989334748
0.10542564400021523,0.10542564400021523,0.10542564400021523,0.10542564400021523,0.10542564400021523,0.10542564400021523
0.10594895697714157,0.10594895697714157,0.10594895697714157,0.10594895697714157,0.10594895697714157,0.10594895697714157
0.10503723204307361,0.10503723204307361,0.10503723204307361,0.10503723204307361,0.10503723204307361,0.10503723204307361
0.10469999315677919,0.10469999315677919,0.10469999315677919,0.10469999315677919,0.10469999315677919,0.10469999315677919
0.10486680827919563,0.10486680827919563,0.10486680827919563,0.10486680827919563,0.10486680827919563,0.10486680827919563
0.10395725549710681,0.10395725549710681,0.10395725549710681,0.10395725549710681,0.10395725549710681,0.10395725549710681
0.10554700958547739,0.10554700958547739,0.10554700958547739,0.10554700958547739,0.10554700958547739,0.10554700958547739
0.10591713472192846,0.10591713472192846,0.10591713472192846,0.10591713472192846,0.10591713472192846,0.10591713472192846
0.10497468909200115,0.10497468909200115,0.10497468909200115,0.10497468909200115,0.10497468909200115,0.10497468909200115
0.10412295221777643,0.10412295221777643,0.10412295221777643,0.10412295221777643,0.10412295221777643,0.10412295221777643
0.10453297390946151,0.10453297390946151,0.10453297390946151,0.10453297390946151,0.10453297390946151,0.10453297390946151
0.10487668831771697,0.10487668831771697,0.10487668831771697,0.10487668831771697,0.10487668831771697,0.10487668831771697
0.10591392972093881,0.10591392972093881,0.10591392972093881,0.10591392972093881,0.10591392972093881,0.10591392972093881
0.10468353558605276,0.10468353558605276,0.10468353558605276,0.10468353558605276,0.10468353558605276,0.10468353558605276
0.10505439363241906,0.10505439363241906,0.10505439363241906,0.10505439363241906,0.10505439363241906,0.10505439363241906
0.10554941367257055,0.10554941367257055,0.10554941367257055,0.10554941367257055,0.10554941367257055,0.10554941367257055
0.10482985727192914,0.10482985727192914,0.10482985727192914,0.10482985727192914,0.10482985727192914,0.10482985727192914
0.10563602580360817,0.10563602580360817,0.10563602580360817,0.10563602580360817,0.10563602580360817,0.10563602580360817
0.10438712642091026,0.10438712642091026,0.10438712642091026,0.10438712642091026,0.10438712642091026,0.10438712642091026
0.10457700229331587,0.10457700229331587,0.10457700229331587,0.10457700229331587,0.10457700229331587,0.10457700229331587
0.10380248476384012,0.10380248476384012,0.10380248476384012,0.10380248476384012,0.10380248476384012,0.10380248476384012
0.10550204253899258,0.10550204253899258,0.10550204253899258,0.10550204253899258,0.10550204253899258,0.10550204253899258
0.10463883796554305,0.10463883796554305,0.10463883796554305,0.10463883796554305,0.10463883796554305,0.10463883796554305
0.1041479152665736,0.1041479152665736,0.1041479152665736,0.1041479152665736,0.1041479152665736,0.1041479152665736
0.10437091231368159,0.10437091231368159,0.10437091231368159,0.10437091231368159,0.10437091231368159,0.10437091231368159
0.10498210069249975,0.10498210069249975,0.10498210069249975,0.10498210069249975,0.10498210069249975,0.10498210069249975
0.10545240733570244,0.10545240733570244,0.10545240733570244,0.10545240733570244,0.10545240733570244,0.10545240733570244
0.10558105959565242,0.10558105959565242,0.10558105959565242,0.10558105959565242,0.10558105959565242,0.10558105959565242
0.1054435419481881,0.1054435419481881,0.1054435419481881,0.1054435419481881,0.1054435419481881,0.1054435419481881
0.10526007574054339,0.10526007574054339,0.10526007574054339,0.10526007574054339,0.10526007574054339,0.10526007574054339
0.10599815828890932,0.10599815828890932,0.10599815828890932,0.10599815828890932,0.10599815828890932,0.10599815828890932
0.10578570662829777,0.10578570662829777,0.10578570662829777,0.10578570662829777,0.10578570662829777,0.10578570662829777
0.1056564767360452,0.1056564767360452,0.1056564767360452,0.1056564767360452,0.1056564767360452,0.1056564767360452
0.10498867888058135,0.10498867888058135,0.10498867888058135,0.10498867888058135,0.10498867888058135,0.10498867888058135
0.10461522317418522,0.10461522317418522,0.10461522317418522,0.10461522317418522,0.10461522317418522,0.10461522317418522
0.10510019312391539,0.10510019312391539,0.10510019312391539,0.10510019312391539,0.10510019312391539,0.10510019312391539
0.10452611545549079,0.10452611545549079,0.10452611545549079,0.10452611545549079,0.10452611545549079,0.10452611545549079
0.10449560774727619,0.10449560774727619,0.10449560774727619,0.10449560774727619,0.10449560774727619,0.10449560774727619
0.1053080061786655,0.1053080061786655,0.1053080061786655,0.1053080061786655,0.1053080061786655,0.1053080061786655
0.10522178591976529,0.10522178591976529,0.10522178591976529,0.10522178591976529,0.10522178591976529,0.10522178591976529
0.10453789343799672,0.10453789343799672,0.10453789343799672,0.10453789343799672,0.10453789343799672,0.10453789343799672
0.10521388459548034,0.10521388459548034,0.10521388459548034,0.10521388459548034,0.10521388459548034,0.10521388459548034
0.10420401780233848,0.10420401780233848,0.10420401780233848,0.10420401780233848,0.10420401780233848,0.10420401780233848
0.10521411546580497,0.10521411546580497,0.10521411546580497,0.10521411546580497,0.10521411546580497,0.10521411546580497
0.1045437900125621,0.1045437900125621,0.1045437900125621,0.1045437900125621,0.1045437900125621,0.1045437900125621
0.10474548935344011,0.10474548935344011,0.10474548935344011,0.10474548935344011,0.10474548935344011,0.10474548935344011
0.10547633265978769,0.10547633265978769,0.10547633265978769,0.10547633265978769,0.10547633265978769,0.10547633265978769
0.10402448763735399,0.10402448763735399,0.10402448763735399,0.10402448763735399,0.10402448763735399,0.10402448763735399
0.10603203533963347,0.10603203533963347,0.10603203533963347,0.10603203533963347,0.10603203533963347,0.10603203533963347
0.10441196111224857,0.10441196111224857,0.10441196111224857,0.10441196111224857,0.10441196111224857,0.10441196111224857
0.10549338492026517,0.10549338492026517,0.10549338492026517,0.10549338492026517,0.10549338492026517,0.10549338492026517
0.10461682660067982,0.10461682660067982,0.10461682660067982,0.10461682660067982,0.10461682660067982,0.10461682660067982
0.10511712213317333,0.10511712213317333,0.10511712213317333,0.10511712213317333,0.10511712213317333,0.10511712213317333
0.10560917393098165,0.10560917393098165,0.10560917393098165,0.10560917393098165,0.10560917393098165,0.10560917393098165
0.10561149946388036,0.10561149946388036,0.10561149946388036,0.10561149946388036,0.10561149946388036,0.10561149946388036
0.10521525693345422,0.10521525693345422,0.10521525693345422,0.10521525693345422,0.10521525693345422,0.10521525693345422
0.1053171998186545,0.1053171998186545,0.1053171998186545,0.1053171998186545,0.1053171998186545,0.1053171998186545
0.10464663598078353,0.10464663598078353,0.10464663598078353,0.10464663598078353,0.10464663598078353,0.10464663598078353
0.10498783725208023,0.10498783725208023,0.10498783725208023,0.10498783725208023,0.10498783725208023,0.10498783725208023
0.10527305582762561,0.10527305582762561,0.10527305582762561,0.10527305582762561,0.10527305582762561,0.10527305582762561
0.10589336115623323,0.10589336115623323,0.10589336115623323,0.10589336115623323,0.10589336115623323,0.10589336115623323
0.10509819364642374,0.10509819364642374,0.10509819364642374,0.10509819364642374,0.10509819364642374,0.10509819364642374
0.10398298955585629,0.10398298955585629,0.10398298955585629,0.10398298955585629,0.10398298955585629,0.10398298955585629
0.10446748169366696,0.10446748169366696,0.10446748169366696,0.10446748169366696,0.10446748169366696,0.10446748169366696
0.10500433685004348,0.10500433685004348,0.10500433685004348,0.10500433685004348,0.10500433685004348,0.10500433685004348
0.10477331769261469,0.10477331769261469,0.10477331769261469,0.10477331769261469,0.10477331769261469,0.10477331769261469
0.10493615999765758,0.10493615999765758,0.10493615999765758,0.10493615999765758,0.10493615999765758,0.10493615999765758
0.1067872069647076,0.1067872069647076,0.1067872069647076,0.1067872069647076,0.1067872069647076,0.1067872069647076
0.10530775745333447,0.10530775745333447,0.10530775745333447,0.10530775745333447,0.10530775745333447,0.10530775745333447
0.10540706754145365,0.10540706754145365,0.10540706754145365,0.10540706754145365,0.10540706754145365,0.10540706754145365
0.10503141559766715,0.10503141559766715,0.10503141559766715,0.10503141559766715,0.10503141559766715,0.10503141559766715
0.10416340462491792,0.10416340462491792,0.10416340462491792,0.10416340462491792,0.10416340462491792,0.10416340462491792
0.10454833165054073,0.10454833165054073,0.10454833165054073,0.10454833165054073,0.10454833165054073,0.10454833165054073
0.10456951699416256,0.10456951699416256,0.10456951699416256,0.10456951699416256,0.10456951699416256,0.10456951699416256
0.10569593300786158,0.10569593300786158,0.10569593300786158,0.10569593300786158,0.10569593300786158,0.10569593300786158
0.1041172249630898,0.1041172249630898,0.1041172249630898,0.1041172249630898,0.1041172249630898,0.1041172249630898
0.10572591915227973,0.10572591915227973,0.10572591915227973,0.10572591915227973,0.10572591915227973,0.10572591915227973
0.105508874213572,0.105508874213572,0.105508874213572,0.105508874213572,0.105508874213572,0.105508874213572
0.10431140829016833,0.10431140829016833,0.10431140829016833,0.10431140829016833,0.10431140829016833,0.10431140829016833
0.10587226207307575,0.10587226207307575,0.10587226207307575,0.10587226207307575,0.10587226207307575,0.10587226207307575
0.1046912353490645,0.1046912353490645,0.1046912353490645,0.1046912353490645,0.1046912353490645,0.1046912353490645
0.10661054533067657,0.10661054533067657,0.10661054533067657,0.10661054533067657,0.10661054533067657,0.10661054533067657
0.10478704281044454,0.10478704281044454,0.10478704281044454,0.10478704281044454,0.10478704281044454,0.10478704281044454
0.10592459112868657,0.10592459112868657,0.10592459112868657,0.10592459112868657,0.10592459112868657,0.10592459112868657
0.10480922290341098,0.10480922290341098,0.10480922290341098,0.10480922290341098,0.10480922290341098,0.10480922290341098
0.10503538523265063,0.10503538523265063,0.10503538523265063,0.10503538523265063,0.10503538523265063,0.10503538523265063
0.10544632743623562,0.10544632743623562,0.10544632743623562,0.10544632743623562,0.10544632743623562,0.10544632743623562
0.10502952601457949,0.10502952601457949,0.10502952601457949,0.10502952601457949,0.10502952601457949,0.10502952601457949
0.10470421270099561,0.10470421270099561,0.10470421270099561,0.10470421270099561,0.10470421270099561,0.10470421270099561
0.10581116595886181,0.10581116595886181,0.10581116595886181,0.10581116595886181,0.10581116595886181,0.10581116595886181
0.10535778664504067,0.10535778664504067,0.10535778664504067,0.10535778664504067,0.10535778664504067,0.10535778664504067
0.10543764097577399,0.10543764097577399,0.10543764097577399,0.10543764097577399,0.10543764097577399,0.10543764097577399
0.10476243687277541,0.10476243687277541,0.10476243687277541,0.10476243687277541,0.10476243687277541,0.10476243687277541
0.10359770232071064,0.10359770232071064,0.10359770232071064,0.10359770232071064,0.10359770232071064,0.10359770232071064
0.10498159073049833,0.10498159073049833,0.10498159073049833,0.10498159073049833,0.10498159073049833,0.10498159073049833
0.10527702086219501,0.10527702086219501,0.10527702086219501,0.10527702086219501,0.10527702086219501,0.10527702086219501
0.10581179334664362,0.10581179334664362,0.10581179334664362,0.10581179334664362,0.10581179334664362,0.10581179334664362
0.10461185190321981,0.10461185190321981,0.10461185190321981,0.10461185190321981,0.10461185190321981,0.10461185190321981
0.10441297961310318,0.10441297961310318,0.10441297961310318,0.10441297961310318,0.10441297961310318,0.10441297961310318
0.10504075657349742,0.10504075657349742,0.10504075657349742,0.10504075657349742,0.10504075657349742,0.10504075657349742
0.10509924059583864,0.10509924059583864,0.10509924059583864,0.10509924059583864,0.10509924059583864,0.10509924059583864
0.10540856548404744,0.10540856548404744,0.10540856548404744,0.10540856548404744,0.10540856548404744,0.10540856548404744
0.10571969521747754,0.10571969521747754,0.10571969521747754,0.10571969521747754,0.10571969521747754,0.10571969521747754
0.10511603145058238,0.10511603145058238,0.10511603145058238,0.10511603145058238,0.10511603145058238,0.10511603145058238
0.10452907116964312,0.10452907116964312,0.10452907116964312,0.10452907116964312,0.10452907116964312,0.10452907116964312
0.10591184030187442,0.10591184030187442,0.10591184030187442,0.10591184030187442,0.10591184030187442,0.10591184030187442
0.10552621930520788,0.10552621930520788,0.10552621930520788,0.10552621930520788,0.10552621930520788,0.10552621930520788
0.10422303590435635,0.10422303590435635,0.10422303590435635,0.10422303590435635,0.10422303590435635,0.10422303590435635
0.10555412180926552,0.10555412180926552,0.10555412180926552,0.10555412180926552,0.10555412180926552,0.10555412180926552
0.10534754358616882,0.10534754358616882,0.10534754358616882,0.10534754358616882,0.10534754358616882,0.10534754358616882
0.10439001082486861,0.10439001082486861,0.10439001082486861,0.10439001082486861,0.10439001082486861,0.10439001082486861
0.10521923908542095,0.10521923908542095,0.10521923908542095,0.10521923908542095,0.10521923908542095,0.10521923908542095
0.10548605133184055,0.10548605133184055,0.10548605133184055,0.10548605133184055,0.10548605133184055,0.10548605133184055
0.10424800911089165,0.10424800911089165,0.10424800911089165,0.10424800911089165,0.10424800911089165,0.10424800911089165
0.10383599665094762,0.10383599665094762,0.10383599665094762,0.10383599665094762,0.10383599665094762,0.10383599665094762
0.1045966049066802,0.1045966049066802,0.1045966049066802,0.1045966049066802,0.1045966049066802,0.1045966049066802
0.10393992143340029,0.10393992143340029,0.10393992143340029,0.10393992143340029,0.10393992143340029,0.10393992143340029
0.10601528924890366,0.10601528924890366,0.10601528924890366,0.10601528924890366,0.10601528924890366,0.10601528924890366
0.10493987990262812,0.10493987990262812,0.10493987990262812,0.10493987990262812,0.10493987990262812,0.10493987990262812
0.1060609062713779,0.1060609062713779,0.1060609062713779,0.1060609062713779,0.1060609062713779,0.1060609062713779
0.10436087062856761,0.10436087062856761,0.10436087062856761,0.10436087062856761,0.10436087062856761,0.10436087062856761
0.10529540268175044,0.10529540268175044,0.10529540268175044,0.10529540268175044,0.10529540268175044,0.10529540268175044
0.10378607150167288,0.10378607150167288,0.10378607150167288,0.10378607150167288,0.10378607150167288,0.10378607150167288
0.10441681939755434,0.10441681939755434,0.10441681939755434,0.10441681939755434,0.10441681939755434,0.10441681939755434
0.105193989170183,0.105193989170183,0.105193989170183,0.105193989170183,0.105193989170183,0.105193989170183
0.10576403737837746,0.10576403737837746,0.10576403737837746,0.10576403737837746,0.10576403737837746,0.10576403737837746
0.10374261034063541,0.10374261034063541,0.10374261034063541,0.10374261034063541,0.10374261034063541,0.10374261034063541
0.10535766200847091,0.10535766200847091,0.10535766200847091,0.10535766200847091,0.10535766200847091,0.10535766200847091
0.10624272980002808,0.10624272980002808,0.10624272980002808,0.10624272980002808,0.10624272980002808,0.10624272980002808
0.10535310479431907,0.10535310479431907,0.10535310479431907,0.10535310479431907,0.10535310479431907,0.10535310479431907
0.10411898494742713,0.10411898494742713,0.10411898494742713,0.10411898494742713,0.10411898494742713,0.10411898494742713
0.10521701999930064,0.10521701999930064,0.10521701999930064,0.10521701999930064,0.10521701999930064,0.10521701999930064
0.10520090167339374,0.10520090167339374,0.10520090167339374,0.10520090167339374,0.10520090167339374,0.10520090167339374
0.10565243306339442,0.10565243306339442,0.10565243306339442,0.10565243306339442,0.10565243306339442,0.10565243306339442
0.10518977407740371,0.10518977407740371,0.10518977407740371,0.10518977407740371,0.10518977407740371,0.10518977407740371
0.10482588444564804,0.10482588444564804,0.10482588444564804,0.10482588444564804,0.10482588444564804,0.10482588444564804
0.1046316131468436,0.1046316131468436,0.1046316131468436,0.1046316131468436,0.1046316131468436,0.1046316131468436
0.10563055816738685,0.10563055816738685,0.10563055816738685,0.10563055816738685,0.10563055816738685,0.10563055816738685
0.10560467726224641,0.10560467726224641,0.10560467726224641,0.10560467726224641,0.10560467726224641,0.10560467726224641
0.10613741486074778,0.10613741486074778,0.10613741486074778,0.10613741486074778,0.10613741486074778,0.10613741486074778
0.10494672837855241,0.10494672837855241,0.10494672837855241,0.10494672837855241,0.10494672837855241,0.10494672837855241
0.10402003517282415,0.10402003517282415,0.10402003517282415,0.10402003517282415,0.10402003517282415,0.10402003517282415
0.10383209399768155,0.10383209399768155,0.10383209399768155,0.10383209399768155,0.10383209399768155,0.10383209399768155
0.10557565166130047,0.10557565166130047,0.10557565166130047,0.10557565166130047,0.10557565166130047,0.10557565166130047
0.10363960597294371,0.10363960597294371,0.10363960597294371,0.10363960597294371,0.10363960597294371,0.10363960597294371
0.10414134699696591,0.10414134699696591,0.10414134699696591,0.10414134699696591,0.10414134699696591,0.10414134699696591
0.1052093238390277,0.1052093238390277,0.1052093238390277,0.1052093238390277,0.1052093238390277,0.1052093238390277
0.10456828580690324,0.10456828580690324,0.10456828580690324,0.10456828580690324,0.10456828580690324,0.10456828580690324
0.10512161918983841,0.10512161918983841,0.10512161918983841,0.10512161918983841,0.10512161918983841,0.10512161918983841
0.10471859851990976,0.10471859851990976,0.10471859851990976,0.10471859851990976,0.10471859851990976,0.10471859851990976
0.10492373367486856,0.10492373367486856,0.10492373367486856,0.10492373367486856,0.10492373367486856,0.10492373367486856
0.10469568223737936,0.10469568223737936,0.10469568223737936,0.10469568223737936,0.10469568223737936,0.10469568223737936
0.10440465798741591,0.10440465798741591,0.10440465798741591,0.10440465798741591,0.10440465798741591,0.10440465798741591
0.10572759112559399,0.10572759112559399,0.10572759112559399,0.10572759112559399,0.10572759112559399,0.10572759112559399
0.10526986762424975,0.10526986762424975,0.10526986762424975,0.10526986762424975,0.10526986762424975,0.10526986762424975
0.10471630561246437,0.10471630561246437,0.10471630561246437,0.10471630561246437,0.10471630561246437,0.10471630561246437
0.10437779321531762,0.10437779321531762,0.10437779321531762,0.10437779321531762,0.10437779321531762,0.10437779321531762
0.1043376956258633,0.1043376956258633,0.1043376956258633,0.1043376956258633,0.1043376956258633,0.1043376956258633
0.10455370098619242,0.10455370098619242,0.10455370098619242,0.10455370098619242,0.10455370098619242,0.10455370098619242
0.10426655968334844,0.10426655968334844,0.10426655968334844,0.10426655968334844,0.10426655968334844,0.10426655968334844
0.10450853939270126,0.10450853939270126,0.10450853939270126,0.10450853939270126,0.10450853939270126,0.10450853939270126
0.10520720117677299,0.10520720117677299,0.10520720117677299,0.10520720117677299,0.10520720117677299,0.10520720117677299
0.10574265145351058,0.10574265145351058,0.10574265145351058,0.10574265145351058,0.10574265145351058,0.10574265145351058
0.10618010634667062,0.10618010634667062,0.10618010634667062,0.10618010634667062,0.10618010634667062,0.10618010634667062
0.10480716464337654,0.10480716464337654,0.10480716464337654,0.10480716464337654,0.10480716464337654,0.10480716464337654
0.10463032114258,0.10463032114258,0.10463032114258,0.10463032114258,0.10463032114258,0.10463032114258
0.10504091176472279,0.10504091176472279,0.10504091176472279,0.10504091176472279,0.10504091176472279,0.10504091176472279
0.10618384482516742,0.10618384482516742,0.10618384482516742,0.10618384482516742,0.10618384482516742,0.10618384482516742
0.10529745850147505,0.10529745850147505,0.10529745850147505,0.10529745850147505,0.10529745850147505,0.10529745850147505
0.10468279376686819,0.10468279376686819,0.10468279376686819,0.10468279376686819,0.10468279376686819,0.10468279376686819
0.10518562353956522,0.10518562353956522,0.10518562353956522,0.10518562353956522,0.10518562353956522,0.10518562353956522
0.10486208516158184,0.10486208516158184,0.10486208516158184,0.10486208516158184,0.10486208516158184,0.10486208516158184
0.10568489909941431,0.10568489909941431,0.10568489909941431,0.10568489909941431,0.10568489909941431,0.10568489909941431
0.10535432642347238,0.10535432642347238,0.10535432642347238,0.10535432642347238,0.10535432642347238,0.10535432642347238
0.10523278987432617,0.10523278987432617,0.10523278987432617,0.10523278987432617,0.10523278987432617,0.10523278987432617
0.10520659940965633,0.10520659940965633,0.10520659940965633,0.10520659940965633,0.10520659940965633,0.10520659940965633
0.10506686362277268,0.10506686362277268,0.10506686362277268,0.10506686362277268,0.10506686362277268,0.10506686362277268
0.10579411733716503,0.10579411733716503,0.10579411733716503,0.10579411733716503,0.10579411733716503,0.10579411733716503
0.10527612384580355,0.10527612384580355,0.10527612384580355,0.10527612384580355,0.10527612384580355,0.10527612384580355
0.10432318464537649,0.10432318464537649,0.10432318464537649,0.10432318464537649,0.10432318464537649,0.10432318464537649
0.10445330552715358,0.10445330552715358,0.10445330552715358,0.10445330552715358,0.10445330552715358,0.10445330552715358
0.10607352275627996,0.10607352275627996,0.10607352275627996,0.10607352275627996,0.10607352275627996,0.10607352275627996
0.10546470293500715,0.10546470293500715,0.10546470293500715,0.10546470293500715,0.10546470293500715,0.10546470293500715
0.10543326359663688,0.10543326359663688,0.10543326359663688,0.10543326359663688,0.10543326359663688,0.10543326359663688
0.10422621099005351,0.10422621099005351,0.10422621099005351,0.10422621099005351,0.10422621099005351,0.10422621099005351
0.10495093247582166,0.10495093247582166,0.10495093247582166,0.10495093247582166,0.10495093247582166,0.10495093247582166
0.1044079480668989,0.1044079480668989,0.1044079480668989,0.1044079480668989,0.1044079480668989,0.1044079480668989
0.10479089066436319,0.10479089066436319,0.10479089066436319,0.10479089066436319,0.10479089066436319,0.10479089066436319
0.10449942784233275,0.10449942784233275,0.10449942784233275,0.10449942784233275,0.10449942784233275,0.10449942784233275
0.10512251583124703,0.10512251583124703,0.10512251583124703,0.10512251583124703,0.10512251583124703,0.10512251583124703
0.1049296530122089,0.1049296530122089,0.1049296530122089,0.1049296530122089,0.1049296530122089,0.1049296530122089
0.10564466783209911,0.10564466783209911,0.10564466783209911,0.10564466783209911,0.10564466783209911,0.10564466783209911
0.10505411400722328,0.10505411400722328,0.10505411400722328,0.10505411400722328,0.10505411400722328,0.10505411400722328
0.10416118441582263,0.10416118441582263,0.10416118441582263,0.10416118441582263,0.10416118441582263,0.10416118441582263
0.1049081885279511,0.1049081885279511,0.1049081885279511,0.1049081885279511,0.1049081885279511,0.1049081885279511
0.10523897884441749,0.10523897884441749,0.10523897884441749,0.10523897884441749,0.10523897884441749,0.10523897884441749
0.10617216572135557,0.10617216572135557,0.10617216572135557,0.10617216572135557,0.10617216572135557,0.10617216572135557
0.1047853021826439,0.1047853021826439,0.1047853021826439,0.1047853021826439,0.1047853021826439,0.1047853021826439
0.10543293803860393,0.10543293803860393,0.10543293803860393,0.10543293803860393,0.10543293803860393,0.10543293803860393
0.10422716255893776,0.10422716255893776,0.10422716255893776,0.10422716255893776,0.10422716255893776,0.10422716255893776
0.10523729947821509,0.10523729947821509,0.10523729947821509,0.10523729947821509,0.10523729947821509,0.10523729947821509
0.1059783745374828,0.1059783745374828,0.1059783745374828,0.1059783745374828,0.1059783745374828,0.1059783745374828
0.10573765064591113,0.10573765064591113,0.10573765064591113,0.10573765064591113,0.10573765064591113,0.10573765064591113
0.10355165311463749,0.10355165311463749,0.10355165311463749,0.10355165311463749,0.10355165311463749,0.10355165311463749
0.1055336365359836,0.1055336365359836,0.1055336365359836,0.1055336365359836,0.1055336365359836,0.1055336365359836
0.10458414109723627,0.10458414109723627,0.10458414109723627,0.10458414109723627,0.10458414109723627,0.10458414109723627
0.10464716465112966,0.10464716465112966,0.10464716465112966,0.10464716465112966,0.10464716465112966,0.10464716465112966
0.10515749502038689,0.10515749502038689,0.10515749502038689,0.10515749502038689,0.10515749502038689,0.10515749502038689
0.10587070580208528,0.10587070580208528,0.10587070580208528,0.10587070580208528,0.10587070580208528,0.10587070580208528
0.10478103710296544,0.10478103710296544,0.10478103710296544,0.10478103710296544,0.10478103710296544,0.10478103710296544
0.10550426916573527,0.10550426916573527,0.10550426916573527,0.10550426916573527,0.10550426916573527,0.10550426916573527
0.1047176842935436,0.1047176842935436,0.1047176842935436,0.1047176842935436,0.1047176842935436,0.1047176842935436
0.10498563855826681,0.10498563855826681,0.10498563855826681,0.10498563855826681,0.10498563855826681,0.10498563855826681
0.10556426892722853,0.10556426892722853,0.10556426892722853,0.10556426892722853,0.10556426892722853,0.10556426892722853
0.10654184828286506,0.10654184828286506,0.10654184828286506,0.10654184828286506,0.10654184828286506,0.10654184828286506
0.10443896665564195,0.10443896665564195,0.10443896665564195,0.10443896665564195,0.10443896665564195,0.10443896665564195
0.10496046010477134,0.10496046010477134,0.10496046010477134,0.10496046010477134,0.10496046010477134,0.10496046010477134
0.10421677442537558,0.10421677442537558,0.10421677442537558,0.10421677442537558,0.10421677442537558,0.10421677442537558
0.1044698921995559,0.1044698921995559,0.1044698921995559,0.1044698921995559,0.1044698921995559,0.1044698921995559
0.10533111546647918,0.10533111546647918,0.10533111546647918,0.10533111546647918,0.10533111546647918,0.10533111546647918
0.10505634771055,0.10505634771055,0.10505634771055,0.10505634771055,0.10505634771055,0.10505634771055
0.10461798802980324,0.10461798802980324,0.10461798802980324,0.10461798802980324,0.10461798802980324,0.10461798802980324
0.10505856346707167,0.10505856346707167,0.10505856346707167,0.10505856346707167,0.10505856346707167,0.10505856346707167
0.10451456996124725,0.10451456996124725,0.10451456996124725,0.10451456996124725,0.10451456996124725,0.10451456996124725
0.10561966584474884,0.10561966584474884,0.10561966584474884,0.10561966584474884,0.10561966584474884,0.10561966584474884
0.1044951051073099,0.1044951051073099,0.1044951051073099,0.1044951051073099,0.1044951051073099,0.1044951051073099
0.1048466353441837,0.1048466353441837,0.1048466353441837,0.1048466353441837,0.1048466353441837,0.1048466353441837
0.1040852659857756,0.1040852659857756,0.1040852659857756,0.1040852659857756,0.1040852659857756,0.1040852659857756
0.10455927850006694,0.10455927850006694,0.10455927850006694,0.10455927850006694,0.10455927850006694,0.10455927850006694
0.10466739424461931,0.10466739424461931,0.10466739424461931,0.10466739424461931,0.10466739424461931,0.10466739424461931
0.10606958980011462,0.10606958980011462,0.10606958980011462,0.10606958980011462,0.10606958980011462,0.10606958980011462
0.10395290169760266,0.10395290169760266,0.10395290169760266,0.10395290169760266,0.10395290169760266,0.10395290169760266
0.10486373285021477,0.10486373285021477,0.10486373285021477,0.10486373285021477,0.10486373285021477,0.10486373285021477
0.10501757622713165,0.10501757622713165,0.10501757622713165,0.10501757622713165,0.10501757622713165,0.10501757622713165
0.1053831013907693,0.1053831013907693,0.1053831013907693,0.1053831013907693,0.1053831013907693,0.1053831013907693
0.10404735339703453,0.10404735339703453,0.10404735339703453,0.10404735339703453,0.10404735339703453,0.10404735339703453
0.1054228612401163,0.1054228612401163,0.1054228612401163,0.1054228612401163,0.1054228612401163,0.1054228612401163
0.10491290960414175,0.10491290960414175,0.10491290960414175,0.10491290960414175,0.10491290960414175,0.10491290960414175
0.10566899711211995,0.10566899711211995,0.10566899711211995,0.10566899711211995,0.10566899711211995,0.10566899711211995
0.1048018234846517,0.1048018234846517,0.1048018234846517,0.1048018234846517,0.1048018234846517,0.1048018234846517
0.10398933760759527,0.10398933760759527,0.10398933760759527,0.10398933760759527,0.10398933760759527,0.10398933760759527
0.10431832307833201,0.10431832307833201,0.10431832307833201,0.10431832307833201,0.10431832307833201,0.10431832307833201
0.1047089786067216,0.1047089786067216,0.1047089786067216,0.1047089786067216,0.1047089786067216,0.1047089786067216
0.10433893599493015,0.10433893599493015,0.10433893599493015,0.10433893599493015,0.10433893599493015,0.10433893599493015
0.10615295024879365,0.10615295024879365,0.10615295024879365,0.10615295024879365,0.10615295024879365,0.10615295024879365
0.10466717073288259,0.10466717073288259,0.10466717073288259,0.10466717073288259,0.10466717073288259,0.10466717073288259
0.10599808860466503,0.10599808860466503,0.10599808860466503,0.10599808860466503,0.10599808860466503,0.10599808860466503
0.10464851690524699,0.10464851690524699,0.10464851690524699,0.10464851690524699,0.10464851690524699,0.10464851690524699
0.10567591641753248,0.10567591641753248,0.10567591641753248,0.10567591641753248,0.10567591641753248,0.10567591641753248
0.10575994840151232,0.10575994840151232,0.10575994840151232,0.10575994840151232,0.10575994840151232,0.10575994840151232
0.10556231397694217,0.10556231397694217,0.10556231397694217,0.10556231397694217,0.10556231397694217,0.10556231397694217
0.10558107432968034,0.10558107432968034,0.10558107432968034,0.10558107432968034,0.10558107432968034,0.10558107432968034
0.1054312001944317,0.1054312001944317,0.1054312001944317,0.1054312001944317,0.1054312001944317,0.1054312001944317
0.1045763380091919,0.1045763380091919,0.1045763380091919,0.1045763380091919,0.1045763380091919,0.1045763380091919
0.10519942100486564,0.10519942100486564,0.10519942100486564,0.10519942100486564,0.10519942100486564,0.10519942100486564
0.1041728045427604,0.1041728045427604,0.1041728045427604,0.1041728045427604,0.1041728045427604,0.1041728045427604
0.1043192020141485,0.1043192020141485,0.1043192020141485,0.1043192020141485,0.1043192020141485,0.1043192020141485
0.10491439734004927,0.10491439734004927,0.10491439734004927,0.10491439734004927,0.10491439734004927,0.10491439734004927
0.10506149631692382,0.10506149631692382,0.10506149631692382,0.10506149631692382,0.10506149631692382,0.10506149631692382
0.10602219432148202,0.10602219432148202,0.10602219432148202,0.10602219432148202,0.10602219432148202,0.10602219432148202
0.10474333311592435,0.10474333311592435,0.10474333311592435,0.10474333311592435,0.10474333311592435,0.10474333311592435
0.10435492951646781,0.10435492951646781,0.10435492951646781,0.10435492951646781,0.10435492951646781,0.10435492951646781
0.104711397391151,0.104711397391151,0.104711397391151,0.104711397391151,0.104711397391151,0.104711397391151
0.10585822993023168,0.10585822993023168,0.10585822993023168,0.10585822993023168,0.10585822993023168,0.10585822993023168
0.10559227709037775,0.10559227709037775,0.10559227709037775,0.10559227709037775,0.10559227709037775,0.10559227709037775
0.10525323911123205,0.10525323911123205,0.10525323911123205,0.10525323911123205,0.10525323911123205,0.10525323911123205
0.1041694985031121,0.1041694985031121,0.1041694985031121,0.1041694985031121,0.1041694985031121,0.1041694985031121
0.10396513942824637,0.10396513942824637,0.10396513942824637,0.10396513942824637,0.10396513942824637,0.10396513942824637
0.10433492103042123,0.10433492103042123,0.10433492103042123,0.10433492103042123,0.10433492103042123,0.10433492103042123
0.10567076347458487,0.10567076347458487,0.10567076347458487,0.10567076347458487,0.10567076347458487,0.10567076347458487
0.10506077451019416,0.10506077451019416,0.10506077451019416,0.10506077451019416,0.10506077451019416,0.10506077451019416
0.10579302679384002,0.10579302679384002,0.10579302679384002,0.10579302679384002,0.10579302679384002,0.10579302679384002
0.1047161254261692,0.1047161254261692,0.1047161254261692,0.1047161254261692,0.1047161254261692,0.1047161254261692
0.10541185098422867,0.10541185098422867,0.10541185098422867,0.10541185098422867,0.10541185098422867,0.10541185098422867
0.10490487827780552,0.10490487827780552,0.10490487827780552,0.10490487827780552,0.10490487827780552,0.10490487827780552
0.10459675711884697,0.10459675711884697,0.10459675711884697,0.10459675711884697,0.10459675711884697,0.10459675711884697
0.10474910432864776,0.10474910432864776,0.10474910432864776,0.10474910432864776,0.10474910432864776,0.10474910432864776
0.10439234220241024,0.10439234220241024,0.10439234220241024,0.10439234220241024,0.10439234220241024,0.10439234220241024
0.10447444709615215,0.10447444709615215,0.10447444709615215,0.10447444709615215,0.10447444709615215,0.10447444709615215
0.10449616538316886,0.10449616538316886,0.10449616538316886,0.10449616538316886,0.10449616538316886,0.10449616538316886
0.10508226848535693,0.10508226848535693,0.10508226848535693,0.10508226848535693,0.10508226848535693,0.10508226848535693
0.10502268453247682,0.10502268453247682,0.10502268453247682,0.10502268453247682,0.10502268453247682,0.10502268453247682
0.10489059474780439,0.10489059474780439,0.10489059474780439,0.10489059474780439,0.10489059474780439,0.10489059474780439
0.10447073571268937,0.10447073571268937,0.10447073571268937,0.10447073571268937,0.10447073571268937,0.10447073571268937
0.10596377261316325,0.10596377261316325,0.10596377261316325,0.10596377261316325,0.10596377261316325,0.10596377261316325
0.10548345332547614,0.10548345332547614,0.10548345332547614,0.10548345332547614,0.10548345332547614,0.10548345332547614
0.10409061445437252,0.10409061445437252,0.10409061445437252,0.10409061445437252,0.10409061445437252,0.10409061445437252
0.10464123017254809,0.10464123017254809,0.10464123017254809,0.10464123017254809,0.10464123017254809,0.10464123017254809
0.10521628511070928,0.10521628511070928,0.10521628511070928,0.10521628511070928,0.10521628511070928,0.10521628511070928
0.10479301146152767,0.10479301146152767,0.10479301146152767,0.10479301146152767,0.10479301146152767,0.10479301146152767
0.10478313994782426,0.10478313994782426,0.10478313994782426,0.10478313994782426,0.10478313994782426,0.10478313994782426
0.10511619173392271,0.10511619173392271,0.10511619173392271,0.10511619173392271,0.10511619173392271,0.10511619173392271
0.10508177224352845,0.10508177224352845,0.10508177224352845,0.10508177224352845,0.10508177224352845,0.10508177224352845
0.1043260733623108,0.1043260733623108,0.1043260733623108,0.1043260733623108,0.1043260733623108,0.1043260733623108
0.1054259684244316,0.1054259684244316,0.1054259684244316,0.1054259684244316,0.1054259684244316,0.1054259684244316
0.1053723895991341,0.1053723895991341,0.1053723895991341,0.1053723895991341,0.1053723895991341,0.1053723895991341
0.10542698624177446,0.10542698624177446,0.10542698624177446,0.10542698624177446,0.10542698624177446,0.10542698624177446
0.10509185656071258,0.10509185656071258,0.10509185656071258,0.10509185656071258,0.10509185656071258,0.10509185656071258
0.1043635401029774,0.1043635401029774,0.1043635401029774,0.1043635401029774,0.1043635401029774,0.1043635401029774
0.10567631231865801,0.10567631231865801,0.10567631231865801,0.10567631231865801,0.10567631231865801,0.10567631231865801
0.10621369538784288,0.10621369538784288,0.10621369538784288,0.10621369538784288,0.10621369538784288,0.10621369538784288
0.10482193057776489,0.10482193057776489,0.10482193057776489,0.10482193057776489,0.10482193057776489,0.10482193057776489
0.10492455030210385,0.10492455030210385,0.10492455030210385,0.10492455030210385,0.10492455030210385,0.10492455030210385
0.10540544460214298,0.10540544460214298,0.10540544460214298,0.10540544460214298,0.10540544460214298,0.10540544460214298
0.10432343442331524,0.10432343442331524,0.10432343442331524,0.10432343442331524,0.10432343442331524,0.10432343442331524
0.10411207623877967,0.10411207623877967,0.10411207623877967,0.10411207623877967,0.10411207623877967,0.10411207623877967
0.10519444086215711,0.10519444086215711,0.10519444086215711,0.10519444086215711,0.10519444086215711,0.10519444086215711
0.10438359164605436,0.10438359164605436,0.10438359164605436,0.10438359164605436,0.10438359164605436,0.10438359164605436
0.10500245084701267,0.10500245084701267,0.10500245084701267,0.10500245084701267,0.10500245084701267,0.10500245084701267
0.10524682427670244,0.10524682427670244,0.10524682427670244,0.10524682427670244,0.10524682427670244,0.10524682427670244
0.10604675878309648,0.10604675878309648,0.10604675878309648,0.10604675878309648,0.10604675878309648,0.10604675878309648
0.10589940922978357,0.10589940922978357,0.10589940922978357,0.10589940922978357,0.10589940922978357,0.10589940922978357
0.10525653705149063,0.10525653705149063,0.10525653705149063,0.10525653705149063,0.10525653705149063,0.10525653705149063
0.10523231602989688,0.10523231602989688,0.10523231602989688,0.10523231602989688,0.10523231602989688,0.10523231602989688
0.1040249128215372,0.1040249128215372,0.1040249128215372,0.1040249128215372,0.1040249128215372,0.1040249128215372
0.10590822525253943,0.10590822525253943,0.10590822525253943,0.10590822525253943,0.10590822525253943,0.10590822525253943
0.10495990482044948,0.10495990482044948,0.10495990482044948,0.10495990482044948,0.10495990482044948,0.10495990482044948
0.10421773761343082,0.10421773761343082,0.10421773761343082,0.10421773761343082,0.10421773761343082,0.10421773761343082
0.10478167283484183,0.10478167283484183,0.10478167283484183,0.10478167283484183,0.10478167283484183,0.10478167283484183
0.10561575659631077,0.10561575659631077,0.10561575659631077,0.10561575659631077,0.10561575659631077,0.10561575659631077
0.10416845368358824,0.10416845368358824,0.10416845368358824,0.10416845368358824,0.10416845368358824,0.10416845368358824
0.10460459960467304,0.10460459960467304,0.10460459960467304,0.10460459960467304,0.10460459960467304,0.10460459960467304
0.1055068392478102,0.1055068392478102,0.1055068392478102,0.1055068392478102,0.1055068392478102,0.1055068392478102
0.10552254751195721,0.10552254751195721,0.10552254751195721,0.10552254751195721,0.10552254751195721,0.10552254751195721
0.10544486837280605,0.10544486837280605,0.10544486837280605,0.10544486837280605,0.10544486837280605,0.10544486837280605
0.10529287612716773,0.10529287612716773,0.10529287612716773,0.10529287612716773,0.10529287612716773,0.10529287612716773
0.10506404310016909,0.10506404310016909,0.10506404310016909,0.10506404310016909,0.10506404310016909,0.10506404310016909
0.10470605634862834,0.10470605634862834,0.10470605634862834,0.10470605634862834,0.10470605634862834,0.10470605634862834
0.10596905619625462,0.10596905619625462,0.10596905619625462,0.10596905619625462,0.10596905619625462,0.10596905619625462
0.10473607200273453,0.10473607200273453,0.10473607200273453,0.10473607200273453,0.10473607200273453,0.10473607200273453
0.10559709338180263,0.10559709338180263,0.10559709338180263,0.10559709338180263,0.10559709338180263,0.10559709338180263
0.10566062470173229,0.10566062470173229,0.10566062470173229,0.10566062470173229,0.10566062470173229,0.10566062470173229
0.10499198945248625,0.10499198945248625,0.10499198945248625,0.10499198945248625,0.10499198945248625,0.10499198945248625
0.1052980237381497,0.1052980237381497,0.1052980237381497,0.1052980237381497,0.1052980237381497,0.1052980237381497
0.10598070861620071,0.10598070861620071,0.10598070861620071,0.10598070861620071,0.10598070861620071,0.10598070861620071
0.10477237657766321,0.10477237657766321,0.10477237657766321,0.10477237657766321,0.10477237657766321,0.10477237657766321
0.10493128973239803,0.10493128973239803,0.10493128973239803,0.10493128973239803,0.10493128973239803,0.10493128973239803
0.10533062611369537,0.10533062611369537,0.10533062611369537,0.10533062611369537,0.10533062611369537,0.10533062611369537
0.10454895406901055,0.10454895406901055,0.10454895406901055,0.10454895406901055,0.10454895406901055,0.10454895406901055
0.10577121766863135,0.10577121766863135,0.10577121766863135,0.10577121766863135,0.10577121766863135,0.10577121766863135
0.1046679184779236,0.1046679184779236,0.1046679184779236,0.1046679184779236,0.1046679184779236,0.1046679184779236
0.10537869377600832,0.10537869377600832,0.10537869377600832,0.10537869377600832,0.10537869377600832,0.10537869377600832
0.10435495871528247,0.10435495871528247,0.10435495871528247,0.10435495871528247,0.10435495871528247,0.10435495871528247
0.10465204648928063,0.10465204648928063,0.10465204648928063,0.10465204648928063,0.10465204648928063,0.10465204648928063
0.10539762499125983,0.10539762499125983,0.10539762499125983,0.10539762499125983,0.10539762499125983,0.10539762499125983
0.10462715747619518,0.10462715747619518,0.10462715747619518,0.10462715747619518,0.10462715747619518,0.10462715747619518
0.1044364652479011,0.1044364652479011,0.1044364652479011,0.1044364652479011,0.1044364652479011,0.1044364652479011
0.10546337436510088,0.10546337436510088,0.10546337436510088,0.10546337436510088,0.10546337436510088,0.10546337436510088
0.1046574323202545,0.1046574323202545,0.1046574323202545,0.1046574323202545,0.1046574323202545,0.1046574323202545
0.10561628096981905,0.10561628096981905,0.10561628096981905,0.10561628096981905,0.10561628096981905,0.10561628096981905
0.10497908648716944,0.10497908648716944,0.10497908648716944,0.10497908648716944,0.10497908648716944,0.10497908648716944
0.10438481933649611,0.10438481933649611,0.10438481933649611,0.10438481933649611,0.10438481933649611,0.10438481933649611
0.10504742534613523,0.10504742534613523,0.10504742534613523,0.10504742534613523,0.10504742534613523,0.10504742534613523
0.10544562052430173,0.10544562052430173,0.10544562052430173,0.10544562052430173,0.10544562052430173,0.10544562052430173
0.10455096920553923,0.10455096920553923,0.10455096920553923,0.10455096920553923,0.10455096920553923,0.10455096920553923
0.10591487387105103,0.10591487387105103,0.10591487387105103,0.10591487387105103,0.10591487387105103,0.10591487387105103
0.10459086287210732,0.10459086287210732,0.10459086287210732,0.10459086287210732,0.10459086287210732,0.10459086287210732
0.10579307188734893,0.10579307188734893,0.10579307188734893,0.10579307188734893,0.10579307188734893,0.10579307188734893
0.10431129916395597,0.10431129916395597,0.10431129916395597,0.10431129916395597,0.10431129916395597,0.10431129916395597
0.10451684916379379,0.10451684916379379,0.10451684916379379,0.10451684916379379,0.10451684916379379,0.10451684916379379
0.10508284786455432,0.10508284786455432,0.10508284786455432,0.10508284786455432,0.10508284786455432,0.10508284786455432
0.1045539901017079,0.1045539901017079,0.1045539901017079,0.1045539901017079,0.1045539901017079,0.1045539901017079
0.1039030377230059,0.1039030377230059,0.1039030377230059,0.1039030377230059,0.1039030377230059,0.1039030377230059
0.10581903267301078,0.10581903267301078,0.10581903267301078,0.10581903267301078,0.10581903267301078,0.10581903267301078
0.10445796884615174,0.10445796884615174,0.10445796884615174,0.10445796884615174,0.10445796884615174,0.10445796884615174
0.1053334588981252,0.1053334588981252,0.1053334588981252,0.1053334588981252,0.1053334588981252,0.1053334588981252
0.10507487321985795,0.10507487321985795,0.10507487321985795,0.10507487321985795,0.10507487321985795,0.10507487321985795
0.10501665150787248,0.10501665150787248,0.10501665150787248,0.10501665150787248,0.10501665150787248,0.10501665150787248
0.10522187199671038,0.10522187199671038,0.10522187199671038,0.10522187199671038,0.10522187199671038,0.10522187199671038
0.10488333616090967,0.10488333616090967,0.10488333616090967,0.10488333616090967,0.10488333616090967,0.10488333616090967
0.10463144611137902,0.10463144611137902,0.10463144611137902,0.10463144611137902,0.10463144611137902,0.10463144611137902
0.1056165528688759,0.1056165528688759,0.1056165528688759,0.1056165528688759,0.1056165528688759,0.1056165528688759
0.10508094986066646,0.10508094986066646,0.10508094986066646,0.10508094986066646,0.10508094986066646,0.10508094986066646
0.10458275461205406,0.10458275461205406,0.10458275461205406,0.10458275461205406,0.10458275461205406,0.10458275461205406
0.10336359955498862,0.10336359955498862,0.10336359955498862,0.10336359955498862,0.10336359955498862,0.10336359955498862
0.10514758252673047,0.10514758252673047,0.10514758252673047,0.10514758252673047,0.10514758252673047,0.10514758252673047
0.10545914290061216,0.10545914290061216,0.10545914290061216,0.10545914290061216,0.10545914290061216,0.10545914290061216
0.10410689976640541,0.10410689976640541,0.10410689976640541,0.10410689976640541,0.10410689976640541,0.10410689976640541
0.10462582689441728,0.10462582689441728,0.10462582689441728,0.10462582689441728,0.10462582689441728,0.10462582689441728
0.10431833449987765,0.10431833449987765,0.10431833449987765,0.10431833449987765,0.10431833449987765,0.10431833449987765
0.10472076062152234,0.10472076062152234,0.10472076062152234,0.10472076062152234,0.10472076062152234,0.10472076062152234
0.10522636587108611,0.10522636587108611,0.10522636587108611,0.10522636587108611,0.10522636587108611,0.10522636587108611
0.10462264102571803,0.10462264102571803,0.10462264102571803,0.10462264102571803,0.10462264102571803,0.10462264102571803
0.10495573037524608,0.10495573037524608,0.10495573037524608,0.10495573037524608,0.10495573037524608,0.10495573037524608
0.10374806211423158,0.10374806211423158,0.10374806211423158,0.10374806211423158,0.10374806211423158,0.10374806211423158
0.10411873641646165,0.10411873641646165,0.10411873641646165,0.10411873641646165,0.10411873641646165,0.10411873641646165
0.10592327920162609,0.10592327920162609,0.10592327920162609,0.10592327920162609,0.10592327920162609,0.10592327920162609
0.1058076192218277,0.1058076192218277,0.1058076192218277,0.1058076192218277,0.1058076192218277,0.1058076192218277
0.10498214153611082,0.10498214153611082,0.10498214153611082,0.10498214153611082,0.10498214153611082,0.10498214153611082
0.10639788062203608,0.10639788062203608,0.10639788062203608,0.10639788062203608,0.10639788062203608,0.10639788062203608
0.10479504205956627,0.10479504205956627,0.10479504205956627,0.10479504205956627,0.10479504205956627,0.10479504205956627
0.10544881514131615,0.10544881514131615,0.10544881514131615,0.10544881514131615,0.10544881514131615,0.10544881514131615
0.10512580348670754,0.10512580348670754,0.10512580348670754,0.10512580348670754,0.10512580348670754,0.10512580348670754
0.10480603315151724,0.10480603315151724,0.10480603315151724,0.10480603315151724,0.10480603315151724,0.10480603315151724
0.10461636033876646,0.10461636033876646,0.10461636033876646,0.10461636033876646,0.10461636033876646,0.10461636033876646
0.10476800402574658,0.10476800402574658,0.10476800402574658,0.10476800402574658,0.10476800402574658,0.10476800402574658
0.10477435001037975,0.10477435001037975,0.10477435001037975,0.10477435001037975,0.10477435001037975,0.10477435001037975
0.1050321878783072,0.1050321878783072,0.1050321878783072,0.1050321878783072,0.1050321878783072,0.1050321878783072
0.10541012657019391,0.10541012657019391,0.10541012657019391,0.10541012657019391,0.10541012657019391,0.10541012657019391
0.10478196561768358,0.10478196561768358,0.10478196561768358,0.10478196561768358,0.10478196561768358,0.10478196561768358
0.10421265100734814,0.10421265100734814,0.10421265100734814,0.10421265100734814,0.10421265100734814,0.10421265100734814
0.10448978590776177,0.10448978590776177,0.10448978590776177,0.10448978590776177,0.10448978590776177,0.10448978590776177
0.10456071991786926,0.10456071991786926,0.10456071991786926,0.10456071991786926,0.10456071991786926,0.10456071991786926
0.10547180544694025,0.10547180544694025,0.10547180544694025,0.10547180544694025,0.10547180544694025,0.10547180544694025
0.1041929047138276,0.1041929047138276,0.1041929047138276,0.1041929047138276,0.1041929047138276,0.1041929047138276
0.10445048168018754,0.10445048168018754,0.10445048168018754,0.10445048168018754,0.10445048168018754,0.10445048168018754
0.1051931002876182,0.1051931002876182,0.1051931002876182,0.1051931002876182,0.1051931002876182,0.1051931002876182
0.10492957494810004,0.10492957494810004,0.10492957494810004,0.10492957494810004,0.10492957494810004,0.10492957494810004
0.1054496493678221,0.1054496493678221,0.1054496493678221,0.1054496493678221,0.1054496493678221,0.1054496493678221
0.10479589783558355,0.10479589783558355,0.10479589783558355,0.10479589783558355,0.10479589783558355,0.10479589783558355
0.10490541049722427,0.10490541049722427,0.10490541049722427,0.10490541049722427,0.10490541049722427,0.10490541049722427
0.105743602939843,0.105743602939843,0.105743602939843,0.105743602939843,0.105743602939843,0.105743602939843
0.1042520716443795,0.1042520716443795,0.1042520716443795,0.1042520716443795,0.1042520716443795,0.1042520716443795
0.10480933281914362,0.10480933281914362,0.10480933281914362,0.10480933281914362,0.10480933281914362,0.10480933281914362
0.10473373307839164,0.10473373307839164,0.10473373307839164,0.10473373307839164,0.10473373307839164,0.10473373307839164
0.10451463687039111,0.10451463687039111,0.10451463687039111,0.10451463687039111,0.10451463687039111,0.10451463687039111
0.10524337114605488,0.10524337114605488,0.10524337114605488,0.10524337114605488,0.10524337114605488,0.10524337114605488
0.10492091553273362,0.10492091553273362,0.10492091553273362,0.10492091553273362,0.10492091553273362,0.10492091553273362
0.1050997858841626,0.1050997858841626,0.1050997858841626,0.1050997858841626,0.1050997858841626,0.1050997858841626
0.10612113475904383,0.10612113475904383,0.10612113475904383,0.10612113475904383,0.10612113475904383,0.10612113475904383
0.1053237168848466,0.1053237168848466,0.1053237168848466,0.1053237168848466,0.1053237168848466,0.1053237168848466
0.10592275698755674,0.10592275698755674,0.10592275698755674,0.10592275698755674,0.10592275698755674,0.10592275698755674
0.1039291096366918,0.1039291096366918,0.1039291096366918,0.1039291096366918,0.1039291096366918,0.1039291096366918
0.10694085532600753,0.10694085532600753,0.10694085532600753,0.10694085532600753,0.10694085532600753,0.10694085532600753
0.10439652697485735,0.10439652697485735,0.10439652697485735,0.10439652697485735,0.10439652697485735,0.10439652697485735
0.10434407183725106,0.10434407183725106,0.10434407183725106,0.10434407183725106,0.10434407183725106,0.10434407183725106
0.10462008248799812,0.10462008248799812,0.10462008248799812,0.10462008248799812,0.10462008248799812,0.10462008248799812
0.10510371135445752,0.10510371135445752,0.10510371135445752,0.10510371135445752,0.10510371135445752,0.10510371135445752
0.1051995410022459,0.1051995410022459,0.1051995410022459,0.1051995410022459,0.1051995410022459,0.1051995410022459
0.10547409398273153,0.10547409398273153,0.10547409398273153,0.10547409398273153,0.10547409398273153,0.10547409398273153
0.10494968574486592,0.10494968574486592,0.10494968574486592,0.10494968574486592,0.10494968574486592,0.10494968574486592
0.10415378820667932,0.10415378820667932,0.10415378820667932,0.10415378820667932,0.10415378820667932,0.10415378820667932
0.10573645867805621,0.10573645867805621,0.10573645867805621,0.10573645867805621,0.10573645867805621,0.10573645867805621
0.10440917902106873,0.10440917902106873,0.10440917902106873,0.10440917902106873,0.10440917902106873,0.10440917902106873
0.10446715048435164,0.10446715048435164,0.10446715048435164,0.10446715048435164,0.10446715048435164,0.10446715048435164
0.10517491327457575,0.10517491327457575,0.10517491327457575,0.10517491327457575,0.10517491327457575,0.10517491327457575
0.10584433182558284,0.10584433182558284,0.10584433182558284,0.10584433182558284,0.10584433182558284,0.10584433182558284
0.10453549692440081,0.10453549692440081,0.10453549692440081,0.10453549692440081,0.10453549692440081,0.10453549692440081
0.10487555534439173,0.10487555534439173,0.10487555534439173,0.10487555534439173,0.10487555534439173,0.10487555534439173
0.10420182935001321,0.10420182935001321,0.10420182935001321,0.10420182935001321,0.10420182935001321,0.10420182935001321
0.10405312523792125,0.10405312523792125,0.10405312523792125,0.10405312523792125,0.10405312523792125,0.10405312523792125
0.10524259977032682,0.10524259977032682,0.10524259977032682,0.10524259977032682,0.10524259977032682,0.10524259977032682
0.10458483950090415,0.10458483950090415,0.10458483950090415,0.10458483950090415,0.10458483950090415,0.10458483950090415
0.1046872595704319,0.1046872595704319,0.1046872595704319,0.1046872595704319,0.1046872595704319,0.1046872595704319
0.10559880947604512,0.10559880947604512,0.10559880947604512,0.10559880947604512,0.10559880947604512,0.10559880947604512
0.10488038521352629,0.10488038521352629,0.10488038521352629,0.10488038521352629,0.10488038521352629,0.10488038521352629
0.10499104626631584,0.10499104626631584,0.10499104626631584,0.10499104626631584,0.10499104626631584,0.10499104626631584
0.10502987321120529,0.10502987321120529,0.10502987321120529,0.10502987321120529,0.10502987321120529,0.10502987321120529
0.10534885172985807,0.10534885172985807,0.10534885172985807,0.10534885172985807,0.10534885172985807,0.10534885172985807
0.10519214091836467,0.10519214091836467,0.10519214091836467,0.10519214091836467,0.10519214091836467,0.10519214091836467
0.1047070948338759,0.1047070948338759,0.1047070948338759,0.1047070948338759,0.1047070948338759,0.1047070948338759
0.10481200276695682,0.10481200276695682,0.10481200276695682,0.10481200276695682,0.10481200276695682,0.10481200276695682
